T,E/T^4,P/T^4,s/T^3,MuB,TraceA,MuB/T,nB/T^3
0.125,2.092,0.348,2.44,0,1.048,0,0
0.126,2.153,0.3566,2.51,0,1.0832,0,0
0.127,2.217,0.3654,2.582,0,1.1208,0,0
0.128,2.282,0.3743,2.656,0,1.1591,0,0
0.129,2.349,0.3836,2.733,0,1.1982,0,0
0.13,2.417,0.393,2.81,0,1.238,0,0
0.131,2.486,0.4027,2.889,0,1.2779,0,0
0.132,2.557,0.4127,2.969,0,1.3189,0,0
0.133,2.63,0.4229,3.053,0,1.3613,0,0
0.134,2.706,0.4333,3.139,0,1.4061,0,0
0.135,2.786,0.444,3.23,0,1.454,0,0
0.136,2.871,0.4549,3.325,0,1.5063,0,0
0.137,2.958,0.466,3.424,0,1.56,0,0
0.138,3.048,0.4773,3.526,0,1.6161,0,0
0.139,3.139,0.489,3.628,0,1.672,0,0
0.14,3.229,0.501,3.73,0,1.726,0,0
0.141,3.317,0.5134,3.831,0,1.7768,0,0
0.142,3.405,0.526,3.931,0,1.827,0,0
0.143,3.493,0.5389,4.032,0,1.8763,0,0
0.144,3.583,0.5519,4.135,0,1.9273,0,0
0.145,3.675,0.565,4.24,0,1.98,0,0
0.146,3.771,0.5781,4.349,0,2.0367,0,0
0.147,3.869,0.5914,4.46,0,2.0948,0,0
0.148,3.969,0.6049,4.574,0,2.1543,0,0
0.149,4.068,0.6187,4.687,0,2.2119,0,0
0.15,4.167,0.633,4.8,0,2.268,0,0
0.151,4.263,0.6479,4.911,0,2.3193,0,0
0.152,4.358,0.6633,5.021,0,2.3681,0,0
0.153,4.451,0.6791,5.131,0,2.4137,0,0
0.154,4.545,0.6954,5.24,0,2.4588,0,0
0.155,4.638,0.712,5.35,0,2.502,0,0
0.156,4.732,0.7289,5.461,0,2.5453,0,0
0.157,4.828,0.746,5.574,0,2.59,0,0
0.158,4.925,0.7633,5.688,0,2.6351,0,0
0.159,5.023,0.7806,5.803,0,2.6812,0,0
0.16,5.122,0.798,5.92,0,2.728,0,0
0.161,5.223,0.8153,6.038,0,2.7771,0,0
0.162,5.326,0.8327,6.158,0,2.8279,0,0
0.163,5.431,0.8502,6.282,0,2.8804,0,0
0.164,5.541,0.868,6.409,0,2.937,0,0
0.165,5.654,0.886,6.54,0,2.996,0,0
0.166,5.772,0.9044,6.676,0,3.0588,0,0
0.167,5.893,0.9232,6.816,0,3.1234,0,0
0.168,6.016,0.9422,6.958,0,3.1894,0,0
0.169,6.138,0.9615,7.1,0,3.2535,0,0
0.17,6.259,0.981,7.24,0,3.316,0,0
0.171,6.377,1.001,7.377,0,3.374,0,0
0.172,6.492,1.02,7.512,0,3.432,0,0
0.173,6.604,1.04,7.644,0,3.484,0,0
0.174,6.713,1.06,7.773,0,3.533,0,0
0.175,6.82,1.08,7.9,0,3.58,0,0
0.176,6.925,1.1,8.025,0,3.625,0,0
0.177,7.028,1.12,8.148,0,3.668,0,0
0.178,7.128,1.14,8.268,0,3.708,0,0
0.179,7.225,1.16,8.385,0,3.745,0,0
0.18,7.32,1.18,8.5,0,3.78,0,0
0.181,7.412,1.2,8.611,0,3.812,0,0
0.182,7.501,1.219,8.72,0,3.844,0,0
0.183,7.586,1.239,8.826,0,3.869,0,0
0.184,7.67,1.259,8.929,0,3.893,0,0
0.185,7.75,1.28,9.03,0,3.91,0,0
0.186,7.828,1.302,9.129,0,3.922,0,0
0.187,7.903,1.324,9.227,0,3.931,0,0
0.188,7.977,1.346,9.323,0,3.939,0,0
0.189,8.049,1.368,9.417,0,3.945,0,0
0.19,8.12,1.39,9.51,0,3.95,0,0
0.191,8.19,1.411,9.601,0,3.957,0,0
0.192,8.259,1.432,9.691,0,3.963,0,0
0.193,8.325,1.452,9.777,0,3.969,0,0
0.194,8.389,1.471,9.861,0,3.976,0,0
0.195,8.45,1.49,9.94,0,3.98,0,0
0.196,8.507,1.508,10.01,0,3.983,0,0
0.197,8.561,1.526,10.09,0,3.983,0,0
0.198,8.614,1.543,10.16,0,3.985,0,0
0.199,8.666,1.561,10.23,0,3.983,0,0
0.2,8.72,1.58,10.3,0,3.98,0,0
0.201,8.776,1.6,10.38,0,3.976,0,0
0.202,8.834,1.62,10.45,0,3.974,0,0
0.203,8.895,1.64,10.53,0,3.975,0,0
0.204,8.957,1.66,10.62,0,3.977,0,0
0.205,9.02,1.68,10.7,0,3.98,0,0
0.206,9.084,1.699,10.78,0,3.987,0,0
0.207,9.149,1.717,10.87,0,3.998,0,0
0.208,9.212,1.735,10.95,0,4.007,0,0
0.209,9.273,1.753,11.03,0,4.014,0,0
0.21,9.33,1.77,11.1,0,4.02,0,0
0.211,9.383,1.788,11.17,0,4.019,0,0
0.212,9.431,1.805,11.24,0,4.016,0,0
0.213,9.474,1.823,11.3,0,4.005,0,0
0.214,9.51,1.842,11.35,0,3.984,0,0
0.215,9.54,1.86,11.4,0,3.96,0,0
0.216,9.564,1.879,11.44,0,3.927,0,0
0.217,9.583,1.897,11.48,0,3.892,0,0
0.218,9.602,1.915,11.52,0,3.857,0,0
0.219,9.623,1.933,11.56,0,3.824,0,0
0.22,9.65,1.95,11.6,0,3.8,0,0
0.221,9.684,1.966,11.65,0,3.786,0,0
0.222,9.725,1.982,11.71,0,3.779,0,0
0.223,9.771,1.998,11.77,0,3.777,0,0
0.224,9.82,2.014,11.83,0,3.778,0,0
0.225,9.87,2.03,11.9,0,3.78,0,0
0.226,9.919,2.047,11.97,0,3.778,0,0
0.227,9.966,2.065,12.03,0,3.771,0,0
0.228,10.01,2.084,12.09,0,3.758,0,0
0.229,10.05,2.102,12.15,0,3.744,0,0
0.23,10.08,2.12,12.2,0,3.72,0,0
0.231,10.1,2.137,12.24,0,3.689,0,0
0.232,10.13,2.154,12.28,0,3.668,0,0
0.233,10.15,2.17,12.32,0,3.64,0,0
0.234,10.17,2.185,12.35,0,3.615,0,0
0.235,10.2,2.2,12.4,0,3.6,0,0
0.236,10.24,2.214,12.45,0,3.598,0,0
0.237,10.29,2.228,12.52,0,3.606,0,0
0.238,10.34,2.241,12.58,0,3.617,0,0
0.239,10.39,2.255,12.64,0,3.625,0,0
0.24,10.43,2.27,12.7,0,3.62,0,0
0.125,2.118,0.3508,2.463,0.0625,1.0656,0.5,0.01128
0.126,2.18,0.3595,2.534,0.063,1.1015,0.5,0.01199
0.127,2.245,0.3685,2.607,0.0635,1.1395,0.5,0.01266
0.128,2.311,0.3776,2.682,0.064,1.1782,0.5,0.01332
0.129,2.379,0.387,2.759,0.0645,1.218,0.5,0.01397
0.13,2.449,0.3966,2.839,0.065,1.2592,0.5,0.01464
0.131,2.52,0.4065,2.919,0.0655,1.3005,0.5,0.01534
0.132,2.594,0.4166,3.002,0.066,1.3442,0.5,0.01609
0.133,2.67,0.4271,3.088,0.0665,1.3887,0.5,0.01689
0.134,2.749,0.4377,3.178,0.067,1.4359,0.5,0.01775
0.135,2.833,0.4486,3.272,0.0675,1.4872,0.5,0.01868
0.136,2.921,0.4597,3.371,0.068,1.5419,0.5,0.01968
0.137,3.013,0.4711,3.474,0.0685,1.5997,0.5,0.02078
0.138,3.108,0.4827,3.58,0.069,1.6599,0.5,0.02197
0.139,3.204,0.4947,3.687,0.0695,1.7199,0.5,0.02328
0.14,3.299,0.507,3.793,0.07,1.778,0.5,0.0247
0.141,3.393,0.5198,3.899,0.0705,1.8336,0.5,0.02625
0.142,3.486,0.5328,4.005,0.071,1.8876,0.5,0.02791
0.143,3.58,0.5461,4.111,0.0715,1.9417,0.5,0.02969
0.144,3.675,0.5596,4.219,0.072,1.9962,0.5,0.03158
0.145,3.773,0.5732,4.329,0.0725,2.0534,0.5,0.03357
0.146,3.874,0.5868,4.443,0.073,2.1136,0.5,0.03566
0.147,3.977,0.6006,4.559,0.0735,2.1752,0.5,0.03784
0.148,4.082,0.6147,4.676,0.074,2.2379,0.5,0.04009
0.149,4.186,0.6291,4.794,0.0745,2.2987,0.5,0.0424
0.15,4.288,0.644,4.91,0.075,2.356,0.5,0.04476
0.151,4.388,0.6594,5.024,0.0755,2.4098,0.5,0.04717
0.152,4.486,0.6754,5.136,0.076,2.4598,0.5,0.04959
0.153,4.582,0.6919,5.248,0.0765,2.5063,0.5,0.05202
0.154,4.677,0.7088,5.358,0.077,2.5506,0.5,0.05444
0.155,4.772,0.726,5.469,0.0775,2.594,0.5,0.05685
0.156,4.867,0.7435,5.581,0.078,2.6365,0.5,0.05921
0.157,4.963,0.7612,5.693,0.0785,2.6794,0.5,0.06154
0.158,5.06,0.779,5.807,0.079,2.723,0.5,0.06382
0.159,5.157,0.7969,5.921,0.0795,2.7663,0.5,0.06603
0.16,5.256,0.8148,6.037,0.08,2.8116,0.5,0.06817
0.161,5.357,0.8327,6.154,0.0805,2.8589,0.5,0.07024
0.162,5.459,0.8506,6.273,0.081,2.9072,0.5,0.07225
0.163,5.564,0.8686,6.396,0.0815,2.9582,0.5,0.07419
0.164,5.673,0.8868,6.521,0.082,3.0126,0.5,0.07607
0.165,5.786,0.9053,6.652,0.0825,3.0701,0.5,0.07789
0.166,5.903,0.9242,6.787,0.083,3.1304,0.5,0.07965
0.167,6.024,0.9434,6.926,0.0835,3.1938,0.5,0.08137
0.168,6.146,0.9628,7.067,0.084,3.2576,0.5,0.08304
0.169,6.269,0.9825,7.209,0.0845,3.3215,0.5,0.08466
0.17,6.389,1.002,7.349,0.085,3.383,0.5,0.08624
0.171,6.507,1.022,7.486,0.0855,3.441,0.5,0.08779
0.172,6.622,1.042,7.62,0.086,3.496,0.5,0.0893
0.173,6.734,1.063,7.751,0.0865,3.545,0.5,0.09078
0.174,6.844,1.083,7.88,0.087,3.595,0.5,0.09222
0.175,6.951,1.103,8.007,0.0875,3.642,0.5,0.09362
0.176,7.056,1.124,8.132,0.088,3.684,0.5,0.09499
0.177,7.158,1.144,8.254,0.0885,3.726,0.5,0.09632
0.178,7.258,1.165,8.374,0.089,3.763,0.5,0.09762
0.179,7.356,1.185,8.491,0.0895,3.801,0.5,0.09889
0.18,7.45,1.205,8.605,0.09,3.835,0.5,0.1001
0.181,7.542,1.225,8.716,0.0905,3.867,0.5,0.1013
0.182,7.63,1.245,8.824,0.091,3.895,0.5,0.1025
0.183,7.716,1.265,8.929,0.0915,3.921,0.5,0.1037
0.184,7.799,1.285,9.032,0.092,3.944,0.5,0.1048
0.185,7.879,1.306,9.133,0.0925,3.961,0.5,0.1059
0.186,7.957,1.328,9.232,0.093,3.973,0.5,0.1069
0.187,8.032,1.35,9.329,0.0935,3.982,0.5,0.108
0.188,8.106,1.373,9.424,0.094,3.987,0.5,0.109
0.189,8.178,1.395,9.518,0.0945,3.993,0.5,0.11
0.19,8.249,1.418,9.611,0.095,3.995,0.5,0.1109
0.191,8.319,1.439,9.702,0.0955,4.002,0.5,0.1119
0.192,8.387,1.46,9.791,0.096,4.007,0.5,0.1128
0.193,8.454,1.48,9.877,0.0965,4.014,0.5,0.1137
0.194,8.517,1.5,9.96,0.097,4.017,0.5,0.1146
0.195,8.578,1.519,10.04,0.0975,4.021,0.5,0.1154
0.196,8.634,1.537,10.11,0.098,4.023,0.5,0.1162
0.197,8.688,1.555,10.18,0.0985,4.023,0.5,0.117
0.198,8.741,1.573,10.25,0.099,4.022,0.5,0.1178
0.199,8.793,1.591,10.32,0.0995,4.02,0.5,0.1186
0.2,8.847,1.61,10.4,0.1,4.017,0.5,0.1194
0.201,8.903,1.629,10.47,0.1005,4.016,0.5,0.1201
0.202,8.961,1.65,10.55,0.101,4.011,0.5,0.1208
0.203,9.021,1.67,10.63,0.1015,4.011,0.5,0.1215
0.204,9.083,1.691,10.71,0.102,4.01,0.5,0.1222
0.205,9.146,1.711,10.8,0.1025,4.013,0.5,0.1229
0.206,9.21,1.73,10.88,0.103,4.02,0.5,0.1235
0.207,9.274,1.748,10.96,0.1035,4.03,0.5,0.1242
0.208,9.337,1.766,11.04,0.104,4.039,0.5,0.1248
0.209,9.398,1.784,11.12,0.1045,4.046,0.5,0.1254
0.21,9.455,1.801,11.19,0.105,4.052,0.5,0.126
0.211,9.508,1.819,11.26,0.1055,4.051,0.5,0.1266
0.212,9.556,1.837,11.33,0.106,4.045,0.5,0.1271
0.213,9.598,1.855,11.39,0.1065,4.033,0.5,0.1277
0.214,9.635,1.874,11.44,0.107,4.013,0.5,0.1282
0.215,9.665,1.892,11.49,0.1075,3.989,0.5,0.1288
0.216,9.688,1.911,11.53,0.108,3.955,0.5,0.1293
0.217,9.708,1.929,11.57,0.1085,3.921,0.5,0.1298
0.218,9.727,1.948,11.61,0.109,3.883,0.5,0.1303
0.219,9.748,1.966,11.65,0.1095,3.85,0.5,0.1308
0.22,9.774,1.983,11.69,0.11,3.825,0.5,0.1313
0.221,9.809,1.999,11.74,0.1105,3.812,0.5,0.1317
0.222,9.849,2.015,11.8,0.111,3.804,0.5,0.1322
0.223,9.895,2.031,11.86,0.1115,3.802,0.5,0.1326
0.224,9.944,2.047,11.92,0.112,3.803,0.5,0.1331
0.225,9.994,2.063,11.99,0.1125,3.805,0.5,0.1335
0.226,10.04,2.081,12.06,0.113,3.797,0.5,0.1339
0.227,10.09,2.099,12.12,0.1135,3.793,0.5,0.1343
0.228,10.13,2.117,12.18,0.114,3.779,0.5,0.1348
0.229,10.17,2.136,12.24,0.1145,3.762,0.5,0.1352
0.23,10.2,2.154,12.29,0.115,3.738,0.5,0.1355
0.231,10.23,2.171,12.33,0.1155,3.717,0.5,0.1359
0.232,10.25,2.188,12.37,0.116,3.686,0.5,0.1363
0.233,10.27,2.204,12.4,0.1165,3.658,0.5,0.1367
0.234,10.29,2.22,12.44,0.117,3.63,0.5,0.137
0.235,10.32,2.234,12.49,0.1175,3.618,0.5,0.1374
0.236,10.36,2.248,12.54,0.118,3.616,0.5,0.1377
0.237,10.41,2.262,12.6,0.1185,3.624,0.5,0.138
0.238,10.46,2.276,12.67,0.119,3.632,0.5,0.1384
0.239,10.51,2.29,12.73,0.1195,3.64,0.5,0.1387
0.24,10.55,2.305,12.79,0.12,3.635,0.5,0.139
0.125,2.199,0.3597,2.533,0.125,1.1199,1,0.02506
0.126,2.264,0.369,2.607,0.126,1.157,1,0.0264
0.127,2.333,0.3784,2.684,0.127,1.1978,1,0.02772
0.128,2.404,0.3881,2.763,0.128,1.2397,1,0.02909
0.129,2.478,0.3979,2.846,0.129,1.2843,1,0.03052
0.13,2.555,0.4081,2.931,0.13,1.3307,1,0.03204
0.131,2.635,0.4185,3.019,0.131,1.3795,1,0.03366
0.132,2.717,0.4293,3.111,0.132,1.4291,1,0.03541
0.133,2.803,0.4404,3.207,0.133,1.4818,1,0.0373
0.134,2.894,0.4517,3.307,0.134,1.5389,1,0.03935
0.135,2.991,0.4634,3.412,0.135,1.6008,1,0.04159
0.136,3.092,0.4753,3.524,0.136,1.6661,1,0.04404
0.137,3.199,0.4876,3.64,0.137,1.7362,1,0.04672
0.138,3.309,0.5002,3.759,0.138,1.8084,1,0.04965
0.139,3.42,0.5133,3.881,0.139,1.8801,1,0.05283
0.14,3.532,0.5268,4.003,0.14,1.9516,1,0.05625
0.141,3.644,0.5408,4.125,0.141,2.0216,1,0.05991
0.142,3.754,0.5552,4.246,0.142,2.0884,1,0.0638
0.143,3.865,0.57,4.367,0.143,2.155,1,0.0679
0.144,3.977,0.585,4.49,0.144,2.222,1,0.07219
0.145,4.09,0.6001,4.614,0.145,2.2897,1,0.07666
0.146,4.206,0.6154,4.74,0.146,2.3598,1,0.08127
0.147,4.323,0.6309,4.868,0.147,2.4303,1,0.08601
0.148,4.44,0.6467,4.996,0.148,2.4999,1,0.09084
0.149,4.555,0.6629,5.123,0.149,2.5663,1,0.09574
0.15,4.668,0.6796,5.246,0.15,2.6292,1,0.1007
0.151,4.775,0.6969,5.367,0.151,2.6843,1,0.1056
0.152,4.879,0.7147,5.484,0.152,2.7349,1,0.1105
0.153,4.98,0.733,5.598,0.153,2.781,1,0.1154
0.154,5.078,0.7517,5.71,0.154,2.8229,1,0.1201
0.155,5.175,0.7707,5.821,0.155,2.8629,1,0.1248
0.156,5.271,0.79,5.931,0.156,2.901,1,0.1294
0.157,5.366,0.8094,6.042,0.157,2.9378,1,0.1338
0.158,5.462,0.8289,6.153,0.158,2.9753,1,0.1381
0.159,5.558,0.8484,6.264,0.159,3.0128,1,0.1422
0.16,5.656,0.8678,6.377,0.16,3.0526,1,0.1462
0.161,5.754,0.8872,6.491,0.161,3.0924,1,0.1501
0.162,5.855,0.9065,6.608,0.162,3.1355,1,0.1538
0.163,5.958,0.9259,6.727,0.163,3.1803,1,0.1575
0.164,6.066,0.9455,6.85,0.164,3.2295,1,0.161
0.165,6.177,0.9653,6.978,0.165,3.2811,1,0.1644
0.166,6.294,0.9855,7.112,0.166,3.3375,1,0.1677
0.167,6.414,1.006,7.249,0.167,3.396,1,0.171
0.168,6.536,1.027,7.389,0.168,3.455,1,0.1741
0.169,6.659,1.048,7.529,0.169,3.515,1,0.1772
0.17,6.78,1.069,7.668,0.17,3.573,1,0.1802
0.171,6.898,1.09,7.805,0.171,3.628,1,0.1832
0.172,7.014,1.111,7.938,0.172,3.681,1,0.186
0.173,7.126,1.132,8.069,0.173,3.73,1,0.1888
0.174,7.235,1.153,8.197,0.174,3.776,1,0.1915
0.175,7.342,1.175,8.323,0.175,3.817,1,0.1942
0.176,7.447,1.196,8.446,0.176,3.859,1,0.1968
0.177,7.549,1.218,8.567,0.177,3.895,1,0.1993
0.178,7.649,1.239,8.686,0.178,3.932,1,0.2018
0.179,7.746,1.26,8.802,0.179,3.966,1,0.2042
0.18,7.84,1.281,8.915,0.18,3.997,1,0.2065
0.181,7.931,1.302,9.024,0.181,4.025,1,0.2088
0.182,8.019,1.323,9.131,0.182,4.05,1,0.2111
0.183,8.105,1.344,9.235,0.183,4.073,1,0.2132
0.184,8.187,1.365,9.337,0.184,4.092,1,0.2154
0.185,8.267,1.387,9.437,0.185,4.106,1,0.2174
0.186,8.344,1.409,9.534,0.186,4.117,1,0.2195
0.187,8.419,1.432,9.63,0.187,4.123,1,0.2214
0.188,8.492,1.456,9.725,0.188,4.124,1,0.2234
0.189,8.564,1.479,9.818,0.189,4.127,1,0.2253
0.19,8.634,1.502,9.909,0.19,4.128,1,0.2271
0.191,8.704,1.524,9.999,0.191,4.132,1,0.2289
0.192,8.772,1.546,10.09,0.192,4.134,1,0.2306
0.193,8.838,1.567,10.17,0.193,4.137,1,0.2324
0.194,8.902,1.587,10.25,0.194,4.141,1,0.234
0.195,8.962,1.606,10.33,0.195,4.144,1,0.2357
0.196,9.018,1.625,10.41,0.196,4.143,1,0.2373
0.197,9.071,1.644,10.48,0.197,4.139,1,0.2388
0.198,9.123,1.662,10.54,0.198,4.137,1,0.2403
0.199,9.175,1.681,10.61,0.199,4.132,1,0.2418
0.2,9.228,1.7,10.69,0.2,4.128,1,0.2433
0.201,9.284,1.72,10.76,0.201,4.124,1,0.2447
0.202,9.341,1.741,10.84,0.202,4.118,1,0.2461
0.203,9.401,1.762,10.92,0.203,4.115,1,0.2474
0.204,9.462,1.783,11,0.204,4.113,1,0.2488
0.205,9.525,1.804,11.08,0.205,4.113,1,0.2501
0.206,9.589,1.823,11.16,0.206,4.12,1,0.2513
0.207,9.653,1.842,11.24,0.207,4.127,1,0.2526
0.208,9.715,1.86,11.32,0.208,4.135,1,0.2538
0.209,9.776,1.879,11.4,0.209,4.139,1,0.255
0.21,9.833,1.897,11.47,0.21,4.142,1,0.2562
0.211,9.885,1.915,11.54,0.211,4.14,1,0.2573
0.212,9.933,1.933,11.61,0.212,4.134,1,0.2584
0.213,9.975,1.952,11.67,0.213,4.119,1,0.2595
0.214,10.01,1.971,11.72,0.214,4.097,1,0.2606
0.215,10.04,1.989,11.77,0.215,4.073,1,0.2616
0.216,10.06,2.008,11.81,0.216,4.036,1,0.2626
0.217,10.08,2.027,11.85,0.217,3.999,1,0.2636
0.218,10.1,2.046,11.88,0.218,3.962,1,0.2646
0.219,10.12,2.064,11.92,0.219,3.928,1,0.2656
0.22,10.15,2.082,11.96,0.22,3.904,1,0.2665
0.221,10.18,2.099,12.01,0.221,3.883,1,0.2675
0.222,10.22,2.115,12.07,0.222,3.875,1,0.2684
0.223,10.27,2.131,12.13,0.223,3.877,1,0.2693
0.224,10.32,2.147,12.2,0.224,3.879,1,0.2701
0.225,10.37,2.164,12.26,0.225,3.878,1,0.271
0.226,10.42,2.182,12.33,0.226,3.874,1,0.2718
0.227,10.46,2.2,12.39,0.227,3.86,1,0.2726
0.228,10.51,2.219,12.45,0.228,3.853,1,0.2734
0.229,10.55,2.238,12.51,0.229,3.836,1,0.2742
0.23,10.58,2.256,12.56,0.23,3.812,1,0.2749
0.231,10.6,2.274,12.6,0.231,3.778,1,0.2757
0.232,10.62,2.291,12.64,0.232,3.747,1,0.2764
0.233,10.64,2.307,12.67,0.233,3.719,1,0.2771
0.234,10.66,2.323,12.71,0.234,3.691,1,0.2778
0.235,10.69,2.338,12.75,0.235,3.676,1,0.2784
0.236,10.73,2.352,12.81,0.236,3.674,1,0.2791
0.237,10.78,2.366,12.87,0.237,3.682,1,0.2797
0.238,10.83,2.38,12.93,0.238,3.69,1,0.2803
0.239,10.88,2.395,12.99,0.239,3.695,1,0.2809
0.24,10.92,2.41,13.05,0.24,3.69,1,0.2815
0.125,2.349,0.3766,2.661,0.1875,1.2192,1.5,0.04331
0.126,2.424,0.3867,2.742,0.189,1.2639,1.5,0.0455
0.127,2.503,0.397,2.828,0.1905,1.312,1.5,0.04784
0.128,2.587,0.4076,2.92,0.192,1.3642,1.5,0.05035
0.129,2.677,0.4185,3.016,0.1935,1.4215,1.5,0.05305
0.13,2.77,0.4297,3.116,0.195,1.4809,1.5,0.05598
0.131,2.869,0.4413,3.221,0.1965,1.5451,1.5,0.05917
0.132,2.972,0.4534,3.331,0.198,1.6118,1.5,0.06267
0.133,3.081,0.4658,3.447,0.1995,1.6836,1.5,0.0665
0.134,3.196,0.4787,3.568,0.201,1.7599,1.5,0.07071
0.135,3.318,0.492,3.697,0.2025,1.842,1.5,0.07534
0.136,3.447,0.5057,3.832,0.204,1.9299,1.5,0.08036
0.137,3.582,0.5199,3.973,0.2055,2.0223,1.5,0.08577
0.138,3.721,0.5347,4.118,0.207,2.1169,1.5,0.09156
0.139,3.862,0.5501,4.266,0.2085,2.2117,1.5,0.0977
0.14,4.004,0.566,4.413,0.21,2.306,1.5,0.1042
0.141,4.143,0.5826,4.559,0.2115,2.3952,1.5,0.1109
0.142,4.281,0.5997,4.704,0.213,2.4819,1.5,0.118
0.143,4.417,0.6172,4.847,0.2145,2.5654,1.5,0.1252
0.144,4.552,0.6351,4.989,0.216,2.6467,1.5,0.1326
0.145,4.687,0.6533,5.13,0.2175,2.7271,1.5,0.1402
0.146,4.822,0.6716,5.272,0.219,2.8072,1.5,0.1478
0.147,4.956,0.6902,5.413,0.2205,2.8854,1.5,0.1555
0.148,5.086,0.7091,5.551,0.222,2.9587,1.5,0.1631
0.149,5.212,0.7284,5.685,0.2235,3.0268,1.5,0.1706
0.15,5.332,0.7482,5.813,0.225,3.0874,1.5,0.178
0.151,5.445,0.7686,5.936,0.2265,3.1392,1.5,0.1853
0.152,5.552,0.7895,6.053,0.228,3.1835,1.5,0.1924
0.153,5.653,0.8107,6.165,0.2295,3.2209,1.5,0.1993
0.154,5.75,0.8323,6.274,0.231,3.2531,1.5,0.2059
0.155,5.845,0.8541,6.381,0.2325,3.2827,1.5,0.2123
0.156,5.938,0.876,6.486,0.234,3.31,1.5,0.2185
0.157,6.031,0.8981,6.592,0.2355,3.3367,1.5,0.2245
0.158,6.123,0.9201,6.698,0.237,3.3627,1.5,0.2302
0.159,6.217,0.9421,6.805,0.2385,3.3907,1.5,0.2358
0.16,6.311,0.9639,6.913,0.24,3.4193,1.5,0.2412
0.161,6.408,0.9856,7.023,0.2415,3.4512,1.5,0.2465
0.162,6.506,1.007,7.136,0.243,3.485,1.5,0.2516
0.163,6.609,1.029,7.253,0.2445,3.522,1.5,0.2565
0.164,6.715,1.05,7.374,0.246,3.565,1.5,0.2614
0.165,6.827,1.072,7.5,0.2475,3.611,1.5,0.2661
0.166,6.943,1.094,7.632,0.249,3.661,1.5,0.2707
0.167,7.064,1.117,7.768,0.2505,3.713,1.5,0.2752
0.168,7.187,1.139,7.907,0.252,3.77,1.5,0.2796
0.169,7.31,1.162,8.046,0.2535,3.824,1.5,0.2838
0.17,7.431,1.185,8.184,0.255,3.876,1.5,0.288
0.171,7.55,1.208,8.319,0.2565,3.926,1.5,0.292
0.172,7.665,1.231,8.451,0.258,3.972,1.5,0.296
0.173,7.776,1.254,8.58,0.2595,4.014,1.5,0.2998
0.174,7.885,1.277,8.707,0.261,4.054,1.5,0.3036
0.175,7.992,1.3,8.831,0.2625,4.092,1.5,0.3072
0.176,8.096,1.323,8.952,0.264,4.127,1.5,0.3108
0.177,8.198,1.345,9.072,0.2655,4.163,1.5,0.3143
0.178,8.297,1.368,9.189,0.267,4.193,1.5,0.3177
0.179,8.393,1.391,9.303,0.2685,4.22,1.5,0.321
0.18,8.487,1.413,9.414,0.27,4.248,1.5,0.3243
0.181,8.578,1.436,9.522,0.2715,4.27,1.5,0.3274
0.182,8.666,1.458,9.628,0.273,4.292,1.5,0.3305
0.183,8.751,1.48,9.73,0.2745,4.311,1.5,0.3335
0.184,8.833,1.502,9.831,0.276,4.327,1.5,0.3365
0.185,8.913,1.526,9.929,0.2775,4.335,1.5,0.3394
0.186,8.989,1.549,10.03,0.279,4.342,1.5,0.3422
0.187,9.064,1.574,10.12,0.2805,4.342,1.5,0.345
0.188,9.137,1.598,10.21,0.282,4.343,1.5,0.3476
0.189,9.208,1.622,10.3,0.2835,4.342,1.5,0.3503
0.19,9.278,1.646,10.39,0.285,4.34,1.5,0.3528
0.191,9.347,1.67,10.48,0.2865,4.337,1.5,0.3554
0.192,9.415,1.692,10.57,0.288,4.339,1.5,0.3578
0.193,9.48,1.714,10.65,0.2895,4.338,1.5,0.3602
0.194,9.543,1.735,10.73,0.291,4.338,1.5,0.3626
0.195,9.603,1.756,10.81,0.2925,4.335,1.5,0.3649
0.196,9.658,1.776,10.88,0.294,4.33,1.5,0.3671
0.197,9.711,1.795,10.95,0.2955,4.326,1.5,0.3693
0.198,9.763,1.815,11.02,0.297,4.318,1.5,0.3715
0.199,9.814,1.834,11.09,0.2985,4.312,1.5,0.3736
0.2,9.867,1.854,11.16,0.3,4.305,1.5,0.3757
0.201,9.922,1.876,11.23,0.3015,4.294,1.5,0.3777
0.202,9.979,1.897,11.31,0.303,4.288,1.5,0.3797
0.203,10.04,1.919,11.38,0.3045,4.283,1.5,0.3816
0.204,10.1,1.941,11.46,0.306,4.277,1.5,0.3835
0.205,10.16,1.962,11.55,0.3075,4.274,1.5,0.3854
0.206,10.22,1.982,11.63,0.309,4.274,1.5,0.3872
0.207,10.29,2.002,11.71,0.3105,4.284,1.5,0.389
0.208,10.35,2.021,11.79,0.312,4.287,1.5,0.3908
0.209,10.41,2.04,11.86,0.3135,4.29,1.5,0.3925
0.21,10.47,2.059,11.94,0.315,4.293,1.5,0.3942
0.211,10.52,2.078,12,0.3165,4.286,1.5,0.3958
0.212,10.57,2.097,12.07,0.318,4.279,1.5,0.3975
0.213,10.61,2.116,12.13,0.3195,4.262,1.5,0.3991
0.214,10.65,2.135,12.18,0.321,4.245,1.5,0.4006
0.215,10.67,2.155,12.23,0.3225,4.205,1.5,0.4022
0.216,10.7,2.175,12.27,0.324,4.175,1.5,0.4037
0.217,10.72,2.194,12.3,0.3255,4.138,1.5,0.4051
0.218,10.74,2.214,12.34,0.327,4.098,1.5,0.4066
0.219,10.76,2.232,12.38,0.3285,4.064,1.5,0.408
0.22,10.78,2.251,12.42,0.33,4.027,1.5,0.4093
0.221,10.82,2.268,12.47,0.3315,4.016,1.5,0.4107
0.222,10.86,2.285,12.52,0.333,4.005,1.5,0.412
0.223,10.9,2.301,12.58,0.3345,3.997,1.5,0.4133
0.224,10.95,2.318,12.65,0.336,3.996,1.5,0.4145
0.225,11,2.335,12.71,0.3375,3.995,1.5,0.4157
0.226,11.05,2.354,12.78,0.339,3.988,1.5,0.4169
0.227,11.09,2.373,12.84,0.3405,3.971,1.5,0.4181
0.228,11.14,2.392,12.9,0.342,3.964,1.5,0.4192
0.229,11.17,2.411,12.95,0.3435,3.937,1.5,0.4203
0.23,11.2,2.43,13,0.345,3.91,1.5,0.4213
0.231,11.23,2.448,13.04,0.3465,3.886,1.5,0.4223
0.232,11.25,2.466,13.08,0.348,3.852,1.5,0.4233
0.233,11.26,2.482,13.11,0.3495,3.814,1.5,0.4243
0.234,11.29,2.498,13.15,0.351,3.796,1.5,0.4252
0.235,11.32,2.514,13.19,0.3525,3.778,1.5,0.4261
0.236,11.36,2.529,13.24,0.354,3.773,1.5,0.427
0.237,11.4,2.543,13.3,0.3555,3.771,1.5,0.4278
0.238,11.45,2.557,13.36,0.357,3.779,1.5,0.4287
0.239,11.5,2.572,13.42,0.3585,3.784,1.5,0.4294
0.24,11.54,2.587,13.48,0.36,3.779,1.5,0.4302
0.125,2.614,0.4043,2.879,0.25,1.4011,2,0.06951
0.126,2.711,0.416,2.98,0.252,1.463,2,0.07346
0.127,2.816,0.4279,3.089,0.254,1.5323,2,0.07778
0.128,2.929,0.4402,3.205,0.256,1.6084,2,0.08252
0.129,3.05,0.453,3.328,0.258,1.691,2,0.08776
0.13,3.178,0.4663,3.457,0.26,1.7791,2,0.09355
0.131,3.313,0.4802,3.594,0.262,1.8724,2,0.09993
0.132,3.456,0.4948,3.737,0.264,1.9716,2,0.1069
0.133,3.606,0.51,3.887,0.266,2.076,2,0.1145
0.134,3.764,0.5258,4.045,0.268,2.1866,2,0.1225
0.135,3.929,0.5424,4.209,0.27,2.3018,2,0.1312
0.136,4.102,0.5596,4.381,0.272,2.4232,2,0.1403
0.137,4.279,0.5775,4.557,0.274,2.5465,2,0.1498
0.138,4.458,0.5962,4.735,0.276,2.6694,2,0.1597
0.139,4.637,0.6156,4.913,0.278,2.7902,2,0.1699
0.14,4.813,0.6357,5.088,0.28,2.9059,2,0.1804
0.141,4.984,0.6566,5.259,0.282,3.0142,2,0.191
0.142,5.15,0.6782,5.424,0.284,3.1154,2,0.2017
0.143,5.31,0.7002,5.585,0.286,3.2094,2,0.2124
0.144,5.464,0.7227,5.741,0.288,3.2959,2,0.223
0.145,5.614,0.7454,5.893,0.29,3.3778,2,0.2335
0.146,5.76,0.7682,6.04,0.292,3.4554,2,0.2437
0.147,5.9,0.7912,6.183,0.294,3.5264,2,0.2537
0.148,6.033,0.8145,6.321,0.296,3.5895,2,0.2634
0.149,6.159,0.8381,6.452,0.298,3.6447,2,0.2728
0.15,6.277,0.8621,6.575,0.3,3.6907,2,0.2818
0.151,6.386,0.8865,6.692,0.302,3.7265,2,0.2904
0.152,6.489,0.9113,6.802,0.304,3.7551,2,0.2988
0.153,6.585,0.9363,6.908,0.306,3.7761,2,0.3068
0.154,6.678,0.9615,7.01,0.308,3.7935,2,0.3146
0.155,6.768,0.9868,7.11,0.31,3.8076,2,0.3221
0.156,6.857,1.012,7.21,0.312,3.821,2,0.3294
0.157,6.946,1.037,7.311,0.314,3.835,2,0.3364
0.158,7.036,1.063,7.412,0.316,3.847,2,0.3433
0.159,7.128,1.088,7.516,0.318,3.864,2,0.35
0.16,7.221,1.112,7.621,0.32,3.885,2,0.3565
0.161,7.317,1.137,7.729,0.322,3.906,2,0.3628
0.162,7.416,1.161,7.84,0.324,3.933,2,0.369
0.163,7.519,1.186,7.955,0.326,3.961,2,0.3749
0.164,7.626,1.21,8.074,0.328,3.996,2,0.3808
0.165,7.738,1.235,8.199,0.33,4.033,2,0.3865
0.166,7.855,1.259,8.33,0.332,4.078,2,0.392
0.167,7.975,1.284,8.464,0.334,4.123,2,0.3974
0.168,8.097,1.309,8.601,0.336,4.17,2,0.4026
0.169,8.22,1.334,8.738,0.338,4.218,2,0.4077
0.17,8.34,1.359,8.874,0.34,4.263,2,0.4127
0.171,8.458,1.384,9.007,0.342,4.306,2,0.4175
0.172,8.572,1.41,9.137,0.344,4.342,2,0.4223
0.173,8.684,1.435,9.265,0.346,4.379,2,0.4269
0.174,8.792,1.46,9.389,0.348,4.412,2,0.4314
0.175,8.898,1.485,9.511,0.35,4.443,2,0.4358
0.176,9.002,1.51,9.631,0.352,4.472,2,0.44
0.177,9.103,1.534,9.749,0.354,4.501,2,0.4442
0.178,9.202,1.559,9.865,0.356,4.525,2,0.4483
0.179,9.299,1.584,9.978,0.358,4.547,2,0.4523
0.18,9.392,1.608,10.09,0.36,4.568,2,0.4562
0.181,9.483,1.632,10.19,0.362,4.587,2,0.4601
0.182,9.57,1.656,10.3,0.364,4.602,2,0.4638
0.183,9.655,1.679,10.4,0.366,4.618,2,0.4674
0.184,9.737,1.704,10.5,0.368,4.625,2,0.471
0.185,9.816,1.728,10.6,0.37,4.632,2,0.4745
0.186,9.893,1.754,10.69,0.372,4.631,2,0.4779
0.187,9.967,1.78,10.78,0.374,4.627,2,0.4813
0.188,10.04,1.806,10.88,0.376,4.622,2,0.4845
0.189,10.11,1.831,10.97,0.378,4.617,2,0.4878
0.19,10.18,1.857,11.06,0.38,4.609,2,0.4909
0.191,10.25,1.881,11.14,0.382,4.607,2,0.494
0.192,10.32,1.905,11.23,0.384,4.605,2,0.497
0.193,10.38,1.929,11.31,0.386,4.593,2,0.4999
0.194,10.44,1.951,11.39,0.388,4.587,2,0.5028
0.195,10.5,1.973,11.47,0.39,4.581,2,0.5057
0.196,10.56,1.994,11.54,0.392,4.578,2,0.5085
0.197,10.61,2.015,11.6,0.394,4.565,2,0.5112
0.198,10.66,2.035,11.67,0.396,4.555,2,0.5139
0.199,10.71,2.056,11.74,0.398,4.542,2,0.5165
0.2,10.77,2.078,11.81,0.4,4.536,2,0.5191
0.201,10.82,2.1,11.88,0.402,4.52,2,0.5217
0.202,10.88,2.123,11.95,0.404,4.511,2,0.5242
0.203,10.94,2.146,12.03,0.406,4.502,2,0.5266
0.204,11,2.169,12.11,0.408,4.493,2,0.529
0.205,11.06,2.191,12.19,0.41,4.487,2,0.5314
0.206,11.13,2.212,12.27,0.412,4.494,2,0.5337
0.207,11.19,2.233,12.35,0.414,4.491,2,0.536
0.208,11.25,2.253,12.43,0.416,4.491,2,0.5383
0.209,11.31,2.273,12.5,0.418,4.491,2,0.5405
0.21,11.37,2.293,12.58,0.42,4.491,2,0.5426
0.211,11.42,2.312,12.64,0.422,4.484,2,0.5447
0.212,11.47,2.332,12.71,0.424,4.474,2,0.5468
0.213,11.51,2.353,12.77,0.426,4.451,2,0.5488
0.214,11.55,2.373,12.82,0.428,4.431,2,0.5508
0.215,11.58,2.393,12.86,0.43,4.401,2,0.5527
0.216,11.6,2.414,12.9,0.432,4.358,2,0.5545
0.217,11.62,2.434,12.94,0.434,4.318,2,0.5564
0.218,11.63,2.454,12.97,0.436,4.268,2,0.5581
0.219,11.65,2.474,13.01,0.438,4.228,2,0.5599
0.22,11.68,2.493,13.05,0.44,4.201,2,0.5616
0.221,11.71,2.511,13.1,0.442,4.177,2,0.5632
0.222,11.75,2.528,13.15,0.444,4.166,2,0.5648
0.223,11.79,2.546,13.21,0.446,4.152,2,0.5663
0.224,11.84,2.563,13.27,0.448,4.151,2,0.5678
0.225,11.89,2.581,13.33,0.45,4.147,2,0.5692
0.226,11.94,2.6,13.39,0.452,4.14,2,0.5706
0.227,11.98,2.62,13.46,0.454,4.12,2,0.572
0.228,12.02,2.64,13.51,0.456,4.1,2,0.5733
0.229,12.06,2.659,13.57,0.458,4.083,2,0.5745
0.23,12.08,2.679,13.61,0.46,4.043,2,0.5757
0.231,12.11,2.698,13.65,0.462,4.016,2,0.5769
0.232,12.12,2.716,13.68,0.464,3.972,2,0.5781
0.233,12.14,2.733,13.71,0.466,3.941,2,0.5792
0.234,12.16,2.749,13.75,0.468,3.913,2,0.5803
0.235,12.19,2.765,13.79,0.47,3.895,2,0.5814
0.236,12.22,2.781,13.84,0.472,3.877,2,0.5824
0.237,12.27,2.795,13.9,0.474,3.885,2,0.5834
0.238,12.31,2.81,13.95,0.476,3.88,2,0.5844
0.239,12.36,2.825,14.01,0.478,3.885,2,0.5853
0.24,12.4,2.841,14.06,0.48,3.877,2,0.5862
0.125,3.094,0.4486,3.265,0.3125,1.7482,2.5,0.1113
0.126,3.239,0.463,3.404,0.315,1.85,2.5,0.119
0.127,3.394,0.4781,3.554,0.3175,1.9597,2.5,0.1275
0.128,3.561,0.4938,3.713,0.32,2.0796,2.5,0.1368
0.129,3.739,0.5103,3.882,0.3225,2.2081,2.5,0.147
0.13,3.927,0.5277,4.06,0.325,2.3439,2.5,0.1579
0.131,4.122,0.5461,4.244,0.3275,2.4837,2.5,0.1695
0.132,4.324,0.5654,4.435,0.33,2.6278,2.5,0.1817
0.133,4.531,0.5856,4.63,0.3325,2.7742,2.5,0.1946
0.134,4.744,0.6068,4.831,0.335,2.9236,2.5,0.2079
0.135,4.96,0.629,5.035,0.3375,3.073,2.5,0.2216
0.136,5.178,0.652,5.241,0.34,3.222,2.5,0.2356
0.137,5.396,0.6758,5.447,0.3425,3.3686,2.5,0.2498
0.138,5.611,0.7005,5.651,0.345,3.5095,2.5,0.264
0.139,5.819,0.7261,5.849,0.3475,3.6407,2.5,0.2781
0.14,6.017,0.7524,6.04,0.35,3.7598,2.5,0.292
0.141,6.204,0.7794,6.22,0.3525,3.8658,2.5,0.3056
0.142,6.38,0.807,6.389,0.355,3.959,2.5,0.3189
0.143,6.544,0.8351,6.55,0.3575,4.0387,2.5,0.3317
0.144,6.699,0.8633,6.702,0.36,4.1091,2.5,0.344
0.145,6.846,0.8917,6.847,0.3625,4.1709,2.5,0.3559
0.146,6.986,0.92,6.987,0.365,4.226,2.5,0.3673
0.147,7.119,0.9483,7.122,0.3675,4.2741,2.5,0.3782
0.148,7.245,0.9767,7.25,0.37,4.3149,2.5,0.3888
0.149,7.364,1.005,7.372,0.3725,4.349,2.5,0.3989
0.15,7.475,1.034,7.487,0.375,4.373,2.5,0.4087
0.151,7.579,1.063,7.596,0.3775,4.39,2.5,0.4182
0.152,7.677,1.092,7.7,0.38,4.401,2.5,0.4274
0.153,7.769,1.121,7.8,0.3825,4.406,2.5,0.4363
0.154,7.859,1.15,7.897,0.385,4.409,2.5,0.445
0.155,7.948,1.18,7.994,0.3875,4.408,2.5,0.4534
0.156,8.036,1.209,8.091,0.39,4.409,2.5,0.4615
0.157,8.125,1.238,8.189,0.3925,4.411,2.5,0.4695
0.158,8.214,1.267,8.288,0.395,4.413,2.5,0.4772
0.159,8.306,1.295,8.39,0.3975,4.421,2.5,0.4846
0.16,8.399,1.324,8.493,0.4,4.427,2.5,0.4919
0.161,8.494,1.352,8.598,0.4025,4.438,2.5,0.499
0.162,8.592,1.379,8.707,0.405,4.455,2.5,0.5058
0.163,8.693,1.407,8.819,0.4075,4.472,2.5,0.5125
0.164,8.799,1.434,8.936,0.41,4.497,2.5,0.5189
0.165,8.909,1.462,9.058,0.4125,4.523,2.5,0.5252
0.166,9.025,1.489,9.186,0.415,4.558,2.5,0.5313
0.167,9.144,1.517,9.318,0.4175,4.593,2.5,0.5373
0.168,9.266,1.545,9.453,0.42,4.631,2.5,0.5431
0.169,9.387,1.573,9.588,0.4225,4.668,2.5,0.5488
0.17,9.507,1.6,9.722,0.425,4.707,2.5,0.5543
0.171,9.624,1.628,9.853,0.4275,4.74,2.5,0.5597
0.172,9.738,1.656,9.982,0.43,4.77,2.5,0.565
0.173,9.849,1.683,10.11,0.4325,4.8,2.5,0.5701
0.174,9.957,1.711,10.23,0.435,4.824,2.5,0.5751
0.175,10.06,1.738,10.35,0.4375,4.846,2.5,0.58
0.176,10.17,1.765,10.47,0.44,4.875,2.5,0.5848
0.177,10.27,1.792,10.59,0.4425,4.894,2.5,0.5894
0.178,10.37,1.819,10.7,0.445,4.913,2.5,0.594
0.179,10.46,1.846,10.81,0.4475,4.922,2.5,0.5984
0.18,10.56,1.872,10.92,0.45,4.944,2.5,0.6028
0.181,10.65,1.898,11.03,0.4525,4.956,2.5,0.6071
0.182,10.73,1.924,11.13,0.455,4.958,2.5,0.6113
0.183,10.82,1.95,11.23,0.4575,4.97,2.5,0.6154
0.184,10.9,1.976,11.33,0.46,4.972,2.5,0.6194
0.185,10.98,2.002,11.42,0.4625,4.974,2.5,0.6233
0.186,11.06,2.03,11.52,0.465,4.97,2.5,0.6272
0.187,11.13,2.057,11.61,0.4675,4.959,2.5,0.631
0.188,11.2,2.085,11.7,0.47,4.945,2.5,0.6347
0.189,11.28,2.112,11.79,0.4725,4.944,2.5,0.6383
0.19,11.35,2.139,11.88,0.475,4.933,2.5,0.6419
0.191,11.41,2.166,11.97,0.4775,4.912,2.5,0.6454
0.192,11.48,2.191,12.05,0.48,4.907,2.5,0.6489
0.193,11.55,2.216,12.13,0.4825,4.902,2.5,0.6523
0.194,11.61,2.24,12.21,0.485,4.89,2.5,0.6556
0.195,11.67,2.264,12.29,0.4875,4.878,2.5,0.6589
0.196,11.73,2.286,12.36,0.49,4.872,2.5,0.6622
0.197,11.78,2.308,12.43,0.4925,4.856,2.5,0.6654
0.198,11.83,2.33,12.49,0.495,4.84,2.5,0.6685
0.199,11.89,2.353,12.56,0.4975,4.831,2.5,0.6716
0.2,11.94,2.376,12.63,0.5,4.812,2.5,0.6746
0.201,12,2.399,12.7,0.5025,4.803,2.5,0.6776
0.202,12.05,2.423,12.78,0.505,4.781,2.5,0.6805
0.203,12.11,2.448,12.85,0.5075,4.766,2.5,0.6833
0.204,12.18,2.472,12.93,0.51,4.764,2.5,0.6861
0.205,12.24,2.495,13.01,0.5125,4.755,2.5,0.6889
0.206,12.3,2.518,13.09,0.515,4.746,2.5,0.6916
0.207,12.37,2.54,13.17,0.5175,4.75,2.5,0.6942
0.208,12.43,2.561,13.25,0.52,4.747,2.5,0.6967
0.209,12.49,2.582,13.32,0.5225,4.744,2.5,0.6992
0.21,12.54,2.603,13.39,0.525,4.731,2.5,0.7016
0.211,12.6,2.624,13.46,0.5275,4.728,2.5,0.7039
0.212,12.64,2.645,13.52,0.53,4.705,2.5,0.7062
0.213,12.68,2.667,13.58,0.5325,4.679,2.5,0.7085
0.214,12.72,2.688,13.63,0.535,4.656,2.5,0.7106
0.215,12.74,2.709,13.67,0.5375,4.613,2.5,0.7127
0.216,12.76,2.731,13.71,0.54,4.567,2.5,0.7147
0.217,12.78,2.752,13.74,0.5425,4.524,2.5,0.7167
0.218,12.8,2.773,13.77,0.545,4.481,2.5,0.7185
0.219,12.81,2.794,13.81,0.5475,4.428,2.5,0.7204
0.22,12.84,2.814,13.84,0.55,4.398,2.5,0.7221
0.221,12.87,2.832,13.89,0.5525,4.374,2.5,0.7239
0.222,12.9,2.851,13.94,0.555,4.347,2.5,0.7256
0.223,12.94,2.869,13.99,0.5575,4.333,2.5,0.7273
0.224,12.99,2.887,14.05,0.56,4.329,2.5,0.7289
0.225,13.03,2.906,14.11,0.5625,4.312,2.5,0.7305
0.226,13.08,2.926,14.17,0.565,4.302,2.5,0.732
0.227,13.12,2.946,14.23,0.5675,4.282,2.5,0.7335
0.228,13.15,2.966,14.28,0.57,4.252,2.5,0.735
0.229,13.19,2.987,14.33,0.5725,4.229,2.5,0.7364
0.23,13.21,3.007,14.38,0.575,4.189,2.5,0.7377
0.231,13.23,3.026,14.41,0.5775,4.152,2.5,0.7391
0.232,13.25,3.045,14.44,0.58,4.115,2.5,0.7403
0.233,13.26,3.063,14.47,0.5825,4.071,2.5,0.7415
0.234,13.28,3.08,14.5,0.585,4.04,2.5,0.7427
0.235,13.3,3.096,14.54,0.5875,4.012,2.5,0.7439
0.236,13.34,3.112,14.59,0.59,4.004,2.5,0.745
0.237,13.38,3.128,14.64,0.5925,3.996,2.5,0.7461
0.238,13.42,3.143,14.7,0.595,3.991,2.5,0.7471
0.239,13.47,3.158,14.75,0.5975,3.996,2.5,0.7481
0.24,13.5,3.175,14.8,0.6,3.975,2.5,0.749
0.125,3.961,0.5206,3.933,0.375,2.3992,3,0.1829
0.126,4.183,0.5404,4.133,0.378,2.5618,3,0.1967
0.127,4.417,0.5612,4.343,0.381,2.7334,3,0.2115
0.128,4.661,0.5831,4.563,0.384,2.9117,3,0.2272
0.129,4.914,0.6063,4.789,0.387,3.0951,3,0.2436
0.13,5.171,0.6307,5.02,0.39,3.2789,3,0.2606
0.131,5.431,0.6563,5.253,0.393,3.4621,3,0.2781
0.132,5.69,0.6832,5.486,0.396,3.6404,3,0.296
0.133,5.948,0.7112,5.718,0.399,3.8144,3,0.3139
0.134,6.202,0.7403,5.947,0.402,3.9811,3,0.3319
0.135,6.451,0.7704,6.172,0.405,4.1398,3,0.3496
0.136,6.693,0.8014,6.393,0.408,4.2888,3,0.367
0.137,6.926,0.8331,6.607,0.411,4.4267,3,0.3839
0.138,7.147,0.8656,6.812,0.414,4.5502,3,0.4003
0.139,7.356,0.8987,7.007,0.417,4.6599,3,0.416
0.14,7.55,0.9324,7.19,0.42,4.7528,3,0.4311
0.141,7.73,0.9665,7.36,0.423,4.8305,3,0.4456
0.142,7.897,1.001,7.519,0.426,4.894,3,0.4595
0.143,8.051,1.036,7.668,0.429,4.943,3,0.4729
0.144,8.197,1.07,7.809,0.432,4.987,3,0.4858
0.145,8.335,1.105,7.944,0.435,5.02,3,0.4983
0.146,8.467,1.139,8.075,0.438,5.05,3,0.5103
0.147,8.594,1.173,8.201,0.441,5.075,3,0.5219
0.148,8.716,1.206,8.323,0.444,5.098,3,0.5332
0.149,8.831,1.24,8.44,0.447,5.111,3,0.5441
0.15,8.94,1.274,8.55,0.45,5.118,3,0.5546
0.151,9.042,1.308,8.655,0.453,5.118,3,0.5649
0.152,9.138,1.342,8.756,0.456,5.112,3,0.5748
0.153,9.23,1.376,8.852,0.459,5.102,3,0.5845
0.154,9.318,1.41,8.946,0.462,5.088,3,0.5938
0.155,9.404,1.443,9.039,0.465,5.075,3,0.6028
0.156,9.49,1.477,9.132,0.468,5.059,3,0.6115
0.157,9.576,1.51,9.226,0.471,5.046,3,0.62
0.158,9.663,1.543,9.321,0.474,5.034,3,0.6282
0.159,9.752,1.575,9.418,0.477,5.027,3,0.6361
0.16,9.842,1.607,9.518,0.48,5.021,3,0.6439
0.161,9.935,1.639,9.62,0.483,5.018,3,0.6514
0.162,10.03,1.67,9.725,0.486,5.02,3,0.6587
0.163,10.13,1.701,9.834,0.489,5.027,3,0.6657
0.164,10.23,1.732,9.948,0.492,5.034,3,0.6727
0.165,10.34,1.762,10.07,0.495,5.054,3,0.6794
0.166,10.46,1.793,10.19,0.498,5.081,3,0.6859
0.167,10.58,1.824,10.32,0.501,5.108,3,0.6923
0.168,10.7,1.855,10.46,0.504,5.135,3,0.6985
0.169,10.82,1.885,10.59,0.507,5.165,3,0.7045
0.17,10.94,1.916,10.72,0.51,5.192,3,0.7104
0.171,11.05,1.947,10.85,0.513,5.209,3,0.7161
0.172,11.17,1.977,10.98,0.516,5.239,3,0.7217
0.173,11.28,2.007,11.1,0.519,5.259,3,0.7272
0.174,11.38,2.037,11.22,0.522,5.269,3,0.7325
0.175,11.49,2.067,11.34,0.525,5.289,3,0.7377
0.176,11.59,2.097,11.46,0.528,5.299,3,0.7428
0.177,11.69,2.126,11.58,0.531,5.312,3,0.7478
0.178,11.79,2.155,11.69,0.534,5.325,3,0.7527
0.179,11.89,2.184,11.8,0.537,5.338,3,0.7575
0.18,11.98,2.213,11.91,0.54,5.341,3,0.7622
0.181,12.07,2.241,12.02,0.543,5.347,3,0.7668
0.182,12.16,2.269,12.12,0.546,5.353,3,0.7713
0.183,12.25,2.297,12.22,0.549,5.359,3,0.7758
0.184,12.33,2.325,12.32,0.552,5.355,3,0.7801
0.185,12.41,2.354,12.41,0.555,5.348,3,0.7844
0.186,12.49,2.383,12.51,0.558,5.341,3,0.7886
0.187,12.57,2.413,12.6,0.561,5.331,3,0.7928
0.188,12.64,2.442,12.69,0.564,5.314,3,0.7969
0.189,12.71,2.472,12.78,0.567,5.294,3,0.801
0.19,12.78,2.501,12.87,0.57,5.277,3,0.805
0.191,12.86,2.529,12.96,0.573,5.273,3,0.8088
0.192,12.93,2.556,13.04,0.576,5.262,3,0.8126
0.193,12.99,2.583,13.13,0.579,5.241,3,0.8164
0.194,13.06,2.609,13.21,0.582,5.233,3,0.82
0.195,13.12,2.634,13.28,0.585,5.218,3,0.8237
0.196,13.18,2.658,13.35,0.588,5.206,3,0.8272
0.197,13.23,2.682,13.42,0.591,5.184,3,0.8307
0.198,13.28,2.706,13.49,0.594,5.162,3,0.834
0.199,13.34,2.73,13.55,0.597,5.15,3,0.8373
0.2,13.39,2.754,13.62,0.6,5.128,3,0.8405
0.201,13.45,2.779,13.69,0.603,5.113,3,0.8436
0.202,13.5,2.805,13.77,0.606,5.085,3,0.8467
0.203,13.56,2.831,13.84,0.609,5.067,3,0.8497
0.204,13.62,2.856,13.92,0.612,5.052,3,0.8526
0.205,13.69,2.881,14,0.615,5.047,3,0.8554
0.206,13.75,2.905,14.08,0.618,5.035,3,0.8581
0.207,13.81,2.928,14.15,0.621,5.026,3,0.8607
0.208,13.87,2.951,14.23,0.624,5.017,3,0.8632
0.209,13.93,2.973,14.3,0.627,5.011,3,0.8656
0.21,13.98,2.995,14.37,0.63,4.995,3,0.8681
0.211,14.03,3.018,14.43,0.633,4.976,3,0.8705
0.212,14.07,3.04,14.49,0.636,4.95,3,0.8728
0.213,14.11,3.062,14.54,0.639,4.924,3,0.8751
0.214,14.14,3.085,14.59,0.642,4.885,3,0.8773
0.215,14.16,3.107,14.63,0.645,4.839,3,0.8795
0.216,14.18,3.13,14.66,0.648,4.79,3,0.8816
0.217,14.19,3.152,14.69,0.651,4.734,3,0.8836
0.218,14.21,3.174,14.72,0.654,4.688,3,0.8856
0.219,14.22,3.195,14.75,0.657,4.635,3,0.8875
0.22,14.24,3.216,14.79,0.66,4.592,3,0.8894
0.221,14.27,3.236,14.83,0.663,4.562,3,0.8912
0.222,14.3,3.255,14.88,0.666,4.535,3,0.8929
0.223,14.34,3.274,14.93,0.669,4.518,3,0.8946
0.224,14.38,3.293,14.99,0.672,4.501,3,0.8963
0.225,14.42,3.313,15.04,0.675,4.481,3,0.8979
0.226,14.47,3.333,15.1,0.678,4.471,3,0.8995
0.227,14.51,3.354,15.16,0.681,4.448,3,0.901
0.228,14.54,3.376,15.21,0.684,4.412,3,0.9024
0.229,14.57,3.397,15.26,0.687,4.379,3,0.9038
0.23,14.6,3.418,15.3,0.69,4.346,3,0.9052
0.231,14.61,3.438,15.33,0.693,4.296,3,0.9065
0.232,14.62,3.457,15.36,0.696,4.249,3,0.9078
0.233,14.64,3.475,15.38,0.699,4.215,3,0.909
0.234,14.65,3.493,15.41,0.702,4.171,3,0.9102
0.235,14.67,3.51,15.45,0.705,4.14,3,0.9113
0.236,14.71,3.526,15.5,0.708,4.132,3,0.9124
0.237,14.74,3.542,15.55,0.711,4.114,3,0.9135
0.238,14.79,3.558,15.6,0.714,4.116,3,0.9144
0.239,14.83,3.574,15.65,0.717,4.108,3,0.9154
0.24,14.86,3.591,15.7,0.72,4.087,3,0.9164
0.125,5.368,0.6381,4.979,0.4375,3.4537,3.5,0.2935
0.126,5.677,0.6664,5.245,0.441,3.6778,3.5,0.3138
0.127,5.991,0.6962,5.516,0.4445,3.9024,3.5,0.3347
0.128,6.307,0.7275,5.788,0.448,4.1245,3.5,0.3561
0.129,6.62,0.7603,6.059,0.4515,4.3391,3.5,0.3777
0.13,6.928,0.7945,6.325,0.455,4.5445,3.5,0.3993
0.131,7.226,0.83,6.584,0.4585,4.736,3.5,0.4206
0.132,7.512,0.8666,6.834,0.462,4.9122,3.5,0.4414
0.133,7.785,0.9044,7.074,0.4655,5.0718,3.5,0.4616
0.134,8.045,0.943,7.304,0.469,5.216,3.5,0.4811
0.135,8.293,0.9823,7.525,0.4725,5.3461,3.5,0.4999
0.136,8.528,1.022,7.738,0.476,5.462,3.5,0.518
0.137,8.752,1.063,7.941,0.4795,5.563,3.5,0.5354
0.138,8.963,1.103,8.134,0.483,5.654,3.5,0.5522
0.139,9.161,1.144,8.316,0.4865,5.729,3.5,0.5683
0.14,9.345,1.186,8.488,0.49,5.787,3.5,0.5839
0.141,9.517,1.227,8.648,0.4935,5.836,3.5,0.5989
0.142,9.676,1.269,8.798,0.497,5.869,3.5,0.6134
0.143,9.826,1.31,8.94,0.5005,5.896,3.5,0.6274
0.144,9.967,1.351,9.075,0.504,5.914,3.5,0.641
0.145,10.1,1.392,9.205,0.5075,5.924,3.5,0.6542
0.146,10.23,1.433,9.33,0.511,5.931,3.5,0.667
0.147,10.36,1.473,9.452,0.5145,5.941,3.5,0.6793
0.148,10.48,1.512,9.568,0.518,5.944,3.5,0.6913
0.149,10.59,1.552,9.68,0.5215,5.934,3.5,0.7028
0.15,10.69,1.591,9.785,0.525,5.917,3.5,0.7139
0.151,10.79,1.63,9.884,0.5285,5.9,3.5,0.7246
0.152,10.88,1.669,9.978,0.532,5.873,3.5,0.735
0.153,10.97,1.708,10.07,0.5355,5.846,3.5,0.745
0.154,11.05,1.746,10.16,0.539,5.812,3.5,0.7548
0.155,11.13,1.785,10.24,0.5425,5.775,3.5,0.7642
0.156,11.22,1.822,10.33,0.546,5.754,3.5,0.7734
0.157,11.3,1.86,10.42,0.5495,5.72,3.5,0.7823
0.158,11.38,1.897,10.51,0.553,5.689,3.5,0.7909
0.159,11.47,1.934,10.61,0.5565,5.668,3.5,0.7992
0.16,11.56,1.97,10.7,0.56,5.65,3.5,0.8073
0.161,11.65,2.005,10.8,0.5635,5.635,3.5,0.8152
0.162,11.74,2.04,10.9,0.567,5.62,3.5,0.8228
0.163,11.84,2.074,11.01,0.5705,5.618,3.5,0.8302
0.164,11.94,2.109,11.12,0.574,5.613,3.5,0.8374
0.165,12.05,2.143,11.23,0.5775,5.621,3.5,0.8444
0.166,12.16,2.177,11.36,0.581,5.629,3.5,0.8513
0.167,12.28,2.211,11.48,0.5845,5.647,3.5,0.8579
0.168,12.4,2.245,11.61,0.588,5.665,3.5,0.8644
0.169,12.51,2.279,11.75,0.5915,5.673,3.5,0.8707
0.17,12.63,2.313,11.88,0.595,5.691,3.5,0.8768
0.171,12.75,2.346,12.01,0.5985,5.712,3.5,0.8828
0.172,12.86,2.379,12.13,0.602,5.723,3.5,0.8887
0.173,12.97,2.412,12.25,0.6055,5.734,3.5,0.8944
0.174,13.08,2.445,12.37,0.609,5.745,3.5,0.9001
0.175,13.19,2.477,12.49,0.6125,5.759,3.5,0.9055
0.176,13.29,2.51,12.61,0.616,5.76,3.5,0.9109
0.177,13.39,2.542,12.73,0.6195,5.764,3.5,0.9162
0.178,13.49,2.573,12.84,0.623,5.771,3.5,0.9215
0.179,13.59,2.605,12.95,0.6265,5.775,3.5,0.9266
0.18,13.69,2.636,13.06,0.63,5.782,3.5,0.9317
0.181,13.78,2.666,13.17,0.6335,5.782,3.5,0.9366
0.182,13.87,2.697,13.27,0.637,5.779,3.5,0.9415
0.183,13.96,2.727,13.37,0.6405,5.779,3.5,0.9462
0.184,14.04,2.758,13.47,0.644,5.766,3.5,0.9509
0.185,14.12,2.788,13.57,0.6475,5.756,3.5,0.9554
0.186,14.2,2.82,13.66,0.651,5.74,3.5,0.9599
0.187,14.28,2.852,13.76,0.6545,5.724,3.5,0.9643
0.188,14.36,2.883,13.85,0.658,5.711,3.5,0.9686
0.189,14.43,2.915,13.94,0.6615,5.685,3.5,0.9728
0.19,14.51,2.946,14.03,0.665,5.672,3.5,0.9769
0.191,14.58,2.976,14.12,0.6685,5.652,3.5,0.9809
0.192,14.65,3.005,14.21,0.672,5.635,3.5,0.9848
0.193,14.71,3.034,14.29,0.6755,5.608,3.5,0.9886
0.194,14.78,3.062,14.37,0.679,5.594,3.5,0.9923
0.195,14.84,3.089,14.44,0.6825,5.573,3.5,0.9959
0.196,14.9,3.115,14.51,0.686,5.555,3.5,0.9994
0.197,14.95,3.14,14.58,0.6895,5.53,3.5,1.003
0.198,15,3.166,14.64,0.693,5.502,3.5,1.006
0.199,15.05,3.191,14.71,0.6965,5.477,3.5,1.009
0.2,15.1,3.217,14.77,0.7,5.449,3.5,1.012
0.201,15.15,3.244,14.84,0.7035,5.418,3.5,1.015
0.202,15.21,3.271,14.91,0.707,5.397,3.5,1.018
0.203,15.26,3.298,14.99,0.7105,5.366,3.5,1.021
0.204,15.32,3.325,15.06,0.714,5.345,3.5,1.024
0.205,15.38,3.352,15.13,0.7175,5.324,3.5,1.027
0.206,15.44,3.377,15.21,0.721,5.309,3.5,1.03
0.207,15.49,3.401,15.28,0.7245,5.287,3.5,1.032
0.208,15.55,3.425,15.35,0.728,5.275,3.5,1.035
0.209,15.61,3.449,15.42,0.7315,5.263,3.5,1.037
0.21,15.66,3.472,15.49,0.735,5.244,3.5,1.04
0.211,15.7,3.496,15.55,0.7385,5.212,3.5,1.042
0.212,15.74,3.519,15.61,0.742,5.183,3.5,1.044
0.213,15.78,3.542,15.66,0.7455,5.154,3.5,1.047
0.214,15.81,3.566,15.7,0.749,5.112,3.5,1.049
0.215,15.83,3.589,15.74,0.7525,5.063,3.5,1.051
0.216,15.84,3.613,15.77,0.756,5.001,3.5,1.053
0.217,15.86,3.636,15.8,0.7595,4.952,3.5,1.055
0.218,15.87,3.659,15.83,0.763,4.893,3.5,1.057
0.219,15.88,3.682,15.86,0.7665,4.834,3.5,1.059
0.22,15.9,3.703,15.89,0.77,4.791,3.5,1.06
0.221,15.92,3.724,15.93,0.7735,4.748,3.5,1.062
0.222,15.95,3.744,15.97,0.777,4.718,3.5,1.064
0.223,15.99,3.764,16.02,0.7805,4.698,3.5,1.065
0.224,16.03,3.784,16.08,0.784,4.678,3.5,1.067
0.225,16.07,3.804,16.13,0.7875,4.658,3.5,1.068
0.226,16.11,3.826,16.19,0.791,4.632,3.5,1.07
0.227,16.15,3.847,16.24,0.7945,4.609,3.5,1.071
0.228,16.18,3.869,16.29,0.798,4.573,3.5,1.073
0.229,16.21,3.891,16.34,0.8015,4.537,3.5,1.074
0.23,16.23,3.913,16.38,0.805,4.491,3.5,1.075
0.231,16.24,3.933,16.41,0.8085,4.441,3.5,1.077
0.232,16.25,3.953,16.43,0.812,4.391,3.5,1.078
0.233,16.26,3.972,16.46,0.8155,4.344,3.5,1.079
0.234,16.28,3.991,16.49,0.819,4.307,3.5,1.08
0.235,16.3,4.008,16.52,0.8225,4.276,3.5,1.081
0.236,16.33,4.025,16.56,0.826,4.255,3.5,1.082
0.237,16.36,4.041,16.61,0.8295,4.237,3.5,1.083
0.238,16.4,4.058,16.66,0.833,4.226,3.5,1.084
0.239,16.44,4.074,16.72,0.8365,4.218,3.5,1.085
0.24,16.47,4.091,16.76,0.84,4.197,3.5,1.086
