muB/T,T [GeV],T/T_c,tau_q [fm/c],tau_c [fm/c],gamma [GeV],B0 [GeV^3],Ds [GeV^-1]
0.0,0.155,1.0,,,,,
0.0,0.15560403,1.003897,,,,,
0.0,0.15620805,1.0077939,,,,,
0.0,0.15681209,1.0116909,,,,,
0.0,0.1574161,1.0155878,,,,,
0.0,0.15802014,1.0194848,,,,,
0.0,0.15862416,1.0233817,,,,,
0.0,0.15922819,1.0272787,,,,,
0.0,0.15983221,1.0311755,145.59874,1161.4579,0.00016987271,3.461769e-05,737.95605
0.0,0.16043624,1.0350726,26.142605,207.75743,0.0009496652,0.00019425992,132.5018
0.0,0.16104028,1.0389695,14.43073,114.252045,0.0017268838,0.00035457473,73.14106
0.0,0.1616443,1.0428665,9.999214,78.87069,0.0025015632,0.00051556336,50.68025
0.0,0.16224833,1.0467634,7.6691437,60.266613,0.003273786,0.00067723705,38.87047
0.0,0.16285235,1.0506603,6.232374,48.794365,0.0040434995,0.00083957904,31.588314
0.0,0.16345638,1.0545573,5.257837,41.01242,0.004810738,0.0010025909,26.648943
0.0,0.1640604,1.0584542,4.553552,35.38806,0.0055753267,0.0011662302,23.079332
0.0,0.16466443,1.0623512,4.0207963,31.133106,0.006337305,0.0013304992,20.3791
0.0,0.16526845,1.066248,3.6038282,27.802528,0.007096477,0.0014953502,18.265728
0.0,0.16587248,1.070145,3.2686589,25.124962,0.007852748,0.0016607575,16.566948
0.0,0.16647652,1.0740421,2.9934154,22.925783,0.008606032,0.0018266953,15.171897
0.0,0.16708054,1.0779389,2.76344,21.08795,0.0093560545,0.0019930985,14.006285
0.0,0.16768457,1.081836,2.5684505,19.529371,0.010102731,0.002159942,13.017996
0.0,0.16828859,1.0857328,2.401099,18.191376,0.010845799,0.002327161,12.169786
0.0,0.16889262,1.0896298,2.255935,17.030449,0.011585132,0.0024947203,11.434034
0.0,0.16949664,1.0935267,2.128872,16.013956,0.012320504,0.0026625618,10.790025
0.0,0.17010067,1.0974237,2.0167677,15.116806,0.013051699,0.002830631,10.221833
0.0,0.17070471,1.1013207,1.9171641,14.319372,0.0137785375,0.002998878,9.717
0.0,0.17130873,1.1052176,1.8281227,13.606175,0.014500769,0.003167238,9.265701
0.0,0.17191276,1.1091145,1.7480772,12.964706,0.015218239,0.003335667,8.859996
0.0,0.17251678,1.1130115,1.6757617,12.38486,0.015930742,0.0035041084,8.493469
0.0,0.17312081,1.1169084,1.6101377,11.858341,0.016638078,0.0036725067,8.160861
0.0,0.17372483,1.1208054,1.5503432,11.378267,0.017340073,0.0038408116,7.857796
0.0,0.17432886,1.1247023,1.4956571,10.938882,0.01803658,0.0040089777,7.580624
0.0,0.17493288,1.1285993,1.4454762,10.535367,0.018727398,0.0041769478,7.326286
0.0,0.17553692,1.1324962,1.3992838,10.163599,0.019412415,0.004344684,7.092163
0.0,0.17614095,1.1363932,1.3566415,9.820079,0.020091489,0.004512141,6.8760343
0.0,0.17674497,1.1402901,1.317172,9.501795,0.020764498,0.004679276,6.6759863
0.0,0.177349,1.1441871,1.2805506,9.206153,0.02143132,0.0048460495,6.490373
0.0,0.17795302,1.148084,1.2464927,8.930886,0.022091873,0.0050124275,6.317753
0.0,0.17855705,1.151981,1.2147514,8.674023,0.022746079,0.0051783775,6.1568747
0.0,0.17916107,1.1558778,1.1851101,8.433838,0.023393858,0.0053438675,6.0066404
0.0,0.1797651,1.1597749,1.1573772,8.208801,0.024035178,0.005508875,5.866079
0.0,0.18036912,1.1636717,1.1313862,7.997585,0.024669947,0.0056733633,5.7343445
0.0,0.18097316,1.1675688,1.1069833,7.798968,0.02529822,0.0058373306,5.610661
0.0,0.18157719,1.1714658,1.084039,7.611912,0.025919901,0.00600074,5.4943686
0.0,0.18218121,1.1753626,1.0624323,7.43546,0.02653501,0.00616358,5.3848567
0.0,0.18278524,1.1792597,1.0420567,7.2687607,0.027143553,0.0063258368,5.2815847
0.0,0.18338926,1.1831565,1.0228173,7.1110597,0.027745513,0.006487492,5.1840715
0.0,0.1839933,1.1870536,1.0046258,6.9616547,0.028340964,0.0066485475,5.091869
0.0,0.18459731,1.1909504,0.9874059,6.81994,0.028929874,0.0068089804,5.0045915
0.0,0.18520135,1.1948473,0.9710851,6.685337,0.02951235,0.0069688014,4.9218707
0.0,0.18580537,1.1987443,0.9556012,6.557354,0.030088358,0.0071279868,4.8433914
0.0,0.1864094,1.2026412,0.9408937,6.4355097,0.030658023,0.007286553,4.768848
0.0,0.18701343,1.2065383,0.9269104,6.3193893,0.031221371,0.0074444897,4.697974
0.0,0.18761745,1.2104352,0.91360307,6.2086115,0.03177844,0.007601792,4.630528
0.0,0.18822148,1.2143321,0.900926,6.1028137,0.03232935,0.0077584744,4.5662746
0.0,0.1888255,1.218229,0.88883984,6.0016828,0.032874115,0.007914525,4.505017
0.0,0.18942954,1.222126,0.8773058,5.904913,0.033412855,0.008069961,4.446558
0.0,0.19003356,1.226023,0.8662903,5.812237,0.033945624,0.00822478,4.390726
0.0,0.19063759,1.2299199,0.85576093,5.7234,0.034472518,0.008378991,4.337359
0.0,0.19124162,1.2338169,0.8456887,5.638172,0.03499361,0.0085326,4.2863092
0.0,0.19184564,1.2377138,0.83604723,5.556343,0.035508964,0.008685606,4.2374415
0.0,0.19244967,1.2416108,0.82681054,5.47771,0.036018703,0.00883803,4.1906266
0.0,0.1930537,1.2455077,0.8179559,5.402092,0.036522888,0.00898987,4.145747
0.0,0.19365773,1.2494047,0.80946136,5.329316,0.037021637,0.009141145,4.102693
0.0,0.19426174,1.2533016,0.80130756,5.2592297,0.037515,0.009291855,4.061366
0.0,0.19486578,1.2571986,0.79347575,5.191684,0.038003083,0.009442013,4.0216713
0.0,0.1954698,1.2610954,0.78594834,5.126542,0.03848598,0.00959163,3.9835193
0.0,0.19607383,1.2649925,0.7787097,5.0636787,0.03896377,0.009740714,3.9468307
0.0,0.19667786,1.2688894,0.77174467,5.002975,0.039436534,0.009889274,3.911529
0.0,0.19728188,1.2727864,0.765039,4.9443197,0.03990438,0.010037323,3.8775418
0.0,0.19788592,1.2766833,0.75857985,4.8876104,0.040367376,0.010184872,3.844804
0.0,0.19848993,1.2805802,0.75235474,4.8327503,0.040825613,0.010331928,3.813253
0.0,0.19909397,1.2844772,0.7463525,4.7796497,0.041279174,0.010478504,3.782831
0.0,0.19969799,1.2883741,0.74056214,4.728224,0.041728143,0.010624609,3.753483
0.0,0.20030202,1.2922711,0.73497343,4.678391,0.042172622,0.0107702585,3.7251568
0.0,0.20090604,1.296168,0.72957736,4.6300807,0.04261265,0.010915452,3.6978073
0.0,0.20151007,1.3000649,0.72436434,4.5832176,0.04304836,0.011060215,3.6713853
0.0,0.20211409,1.3039619,0.7193266,4.537741,0.04347978,0.011204543,3.6458523
0.0,0.20271812,1.3078588,0.71445596,4.493586,0.043907028,0.011348456,3.6211653
0.0,0.20332214,1.3117558,0.70974505,4.4506955,0.04433015,0.011491958,3.5972888
0.0,0.20392618,1.3156527,0.7051867,4.409013,0.04474925,0.011635067,3.5741851
0.0,0.20453021,1.3195497,0.70077455,4.3684874,0.045164376,0.011777786,3.5518224
0.0,0.20513423,1.3234466,0.69650203,4.329068,0.04557563,0.01192013,3.5301673
0.0,0.20573826,1.3273436,0.6923635,4.290711,0.045983057,0.012062104,3.5091913
0.0,0.20634228,1.3312405,0.6883533,4.2533717,0.04638673,0.012203719,3.4888659
0.0,0.20694631,1.3351375,0.68446606,4.217008,0.04678673,0.012344985,3.4691641
0.0,0.20755033,1.3390344,0.68069685,4.181581,0.047183108,0.012485909,3.4500606
0.0,0.20815437,1.3429314,0.67704093,4.147053,0.047575958,0.012626507,3.43153
0.0,0.20875838,1.3468282,0.6734938,4.11339,0.047965307,0.012766779,3.413552
0.0,0.20936242,1.3507253,0.6700509,4.080555,0.048351265,0.012906746,3.3961017
0.0,0.20996645,1.3546222,0.66670865,4.0485206,0.048733853,0.013046403,3.3791616
0.0,0.21057047,1.3585192,0.6634628,4.017254,0.04911315,0.013185768,3.3627105
0.0,0.2111745,1.3624161,0.6603099,3.986727,0.04948922,0.013324848,3.3467302
0.0,0.21177852,1.366313,0.6572463,3.9569123,0.049862113,0.013463649,3.3312025
0.0,0.21238256,1.37021,0.65426874,3.9277833,0.050231896,0.013602182,3.316111
0.0,0.21298657,1.3741069,0.65137416,3.8993163,0.050598614,0.013740452,3.3014402
0.0,0.2135906,1.378004,0.6485593,3.8714864,0.05096234,0.013878474,3.2871733
0.0,0.21419464,1.3819009,0.64582145,3.8442714,0.05132312,0.014016249,3.2732968
0.0,0.21479866,1.3857977,0.6431579,3.8176508,0.051680997,0.014153787,3.2597966
0.0,0.2154027,1.3896948,0.6405657,3.791602,0.052036054,0.0142911,3.2466583
0.0,0.21600671,1.3935916,0.638043,3.7661085,0.05238829,0.014428184,3.233872
0.0,0.21661074,1.3974887,0.6355867,3.7411487,0.052737813,0.01456506,3.2214227
0.0,0.21721476,1.4013855,0.63319486,3.716706,0.053084638,0.014701728,3.2092998
0.0,0.2178188,1.4052825,0.63086516,3.6927624,0.05342884,0.014838202,3.197492
0.0,0.21842282,1.4091794,0.62859565,3.669303,0.05377043,0.014974479,3.1859891
0.0,0.21902685,1.4130764,0.6263842,3.64631,0.054109495,0.015110576,3.1747804
0.0,0.21963088,1.4169735,0.62422884,3.6237698,0.054446064,0.0152464975,3.1638563
0.0,0.2202349,1.4208703,0.62212795,3.6016688,0.054780163,0.015382241,3.153208
0.0,0.22083893,1.4247673,0.62007946,3.5799906,0.055111878,0.015517832,3.1428256
0.0,0.22144295,1.4286642,0.6180819,3.5587244,0.055441216,0.01565326,3.132701
0.0,0.22204699,1.4325612,0.6161336,3.5378559,0.05576824,0.01578854,3.1228259
0.0,0.222651,1.4364581,0.61423284,3.517374,0.056092985,0.015923679,3.113192
0.0,0.22325504,1.4403551,0.6123783,3.497266,0.0564155,0.016058682,3.1037924
0.0,0.22385906,1.444252,0.6105683,3.477521,0.05673582,0.016193556,3.0946188
0.0,0.22446309,1.448149,0.6088017,3.4581285,0.057053983,0.016328305,3.0856652
0.0,0.22506712,1.4520459,0.6070772,3.4390779,0.05737003,0.016462937,3.0769243
0.0,0.22567114,1.4559429,0.6053932,3.4203591,0.057684004,0.01659746,3.0683894
0.0,0.22627518,1.4598398,0.60374874,3.4019628,0.057995934,0.016731875,3.0600548
0.0,0.2268792,1.4637368,0.60214263,3.3838794,0.058305863,0.016866194,3.051914
0.0,0.22748323,1.4676337,0.60057354,3.3660998,0.05861383,0.01700042,3.043961
0.0,0.22808725,1.4715306,0.59904045,3.348616,0.058919866,0.017134558,3.036191
0.0,0.22869128,1.4754276,0.5975422,3.331418,0.05922403,0.017268622,3.0285969
0.0,0.2292953,1.4793245,0.596078,3.3145003,0.05952632,0.017402608,3.0211754
0.0,0.22989933,1.4832215,0.5946465,3.2978535,0.059826795,0.017536528,3.0139205
0.0,0.23050337,1.4871185,0.5932471,3.2814708,0.06012548,0.017670386,3.0068276
0.0,0.23110738,1.4910153,0.59187883,3.2653458,0.06042239,0.017804177,2.9998927
0.0,0.23171142,1.4949124,0.5905406,3.2494695,0.0607176,0.017937925,2.99311
0.0,0.23231544,1.4988092,0.5892316,3.2338371,0.06101111,0.018071624,2.9864755
0.0,0.23291947,1.5027063,0.58795124,3.218442,0.061302956,0.018205281,2.9799857
0.0,0.23352349,1.5066031,0.58669835,3.203277,0.061593175,0.018338902,2.973636
0.0,0.23412752,1.5105001,0.5854724,3.1883364,0.061881803,0.018472496,2.9674222
0.0,0.23473155,1.5143971,0.58427256,3.1736147,0.062168855,0.018606065,2.9613411
0.0,0.23533557,1.518294,0.58309823,3.159107,0.06245436,0.018739609,2.9553888
0.0,0.2359396,1.522191,0.5819485,3.1448061,0.06273837,0.018873142,2.9495616
0.0,0.23654363,1.5260879,0.5808228,3.1307085,0.06302088,0.019006662,2.9438562
0.0,0.23714766,1.5299848,0.57972056,3.116808,0.06330194,0.019140182,2.9382694
0.0,0.23775168,1.5338818,0.57864106,3.1031003,0.06358157,0.019273696,2.932798
0.0,0.23835571,1.5377787,0.57758355,3.0895798,0.06385981,0.019407222,2.927438
0.0,0.23895973,1.5416757,0.5765476,3.0762432,0.06413668,0.019540755,2.9221876
0.0,0.23956376,1.5455726,0.57553273,3.063085,0.064412184,0.019674301,2.9170437
0.0,0.2401678,1.5494696,0.5745382,3.0501015,0.06468637,0.01980787,2.9120028
0.0,0.24077182,1.5533665,0.57356346,3.0372882,0.064959265,0.019941458,2.9070625
0.0,0.24137585,1.5572635,0.5726081,3.0246413,0.065230876,0.020075075,2.9022207
0.0,0.24197987,1.5611604,0.57167166,3.012157,0.065501235,0.020208724,2.8974743
0.0,0.2425839,1.5650574,0.5707534,2.9998305,0.06577039,0.020342417,2.89282
0.0,0.24318792,1.5689543,0.5698531,2.9876595,0.06603832,0.020476144,2.8882568
0.0,0.24379195,1.5728513,0.5689702,2.9756393,0.06630508,0.02060992,2.8837817
0.0,0.24439597,1.5767481,0.56810415,2.9637673,0.06657068,0.020743746,2.8793926
0.0,0.245,1.5806452,0.5672547,2.95204,0.06683514,0.020877628,2.8750873
1.0,0.155,1.0,,,,,
1.0,0.15560403,1.003897,,,,,
1.0,0.15620805,1.0077939,,,,,
1.0,0.15681209,1.0116909,,,,,
1.0,0.1574161,1.0155878,,,,,
1.0,0.15802014,1.0194848,36.54787,294.88986,0.0006690633,0.00013479998,185.24013
1.0,0.15862416,1.0233817,16.744118,134.587,0.0014659662,0.0002964855,84.86629
1.0,0.15922819,1.0272787,10.919456,87.43618,0.002256503,0.00045810608,55.34442
1.0,0.15983221,1.0311755,8.133359,64.88074,0.003040964,0.0006197061,41.22331
1.0,0.16043624,1.0350726,6.499642,51.653187,0.0038197064,0.00078134466,32.942936
1.0,0.16104028,1.0389695,5.425817,42.95768,0.0045928922,0.00094304176,27.500341
1.0,0.1616443,1.0428665,4.666036,36.80424,0.005360795,0.0011048409,23.649446
1.0,0.16224833,1.0467634,4.1000648,32.219635,0.006123595,0.0012667674,20.780863
1.0,0.16285235,1.0506603,3.662107,28.671286,0.0068814494,0.0014288417,18.56111
1.0,0.16345638,1.0545573,3.313108,25.843056,0.0076345466,0.001591092,16.792233
1.0,0.1640604,1.0584542,3.0284874,23.535975,0.008382912,0.0017535123,15.349657
1.0,0.16466443,1.0623512,2.79193,21.617968,0.009126667,0.0019161176,14.150683
1.0,0.16526845,1.066248,2.5922384,19.998396,0.009865792,0.0020788927,13.138562
1.0,0.16587248,1.070145,2.421435,18.612669,0.010600307,0.0022418315,12.272859
1.0,0.16647652,1.0740421,2.2736888,17.413586,0.011330234,0.0024049277,11.524018
1.0,0.16708054,1.0779389,2.144665,16.366047,0.012055446,0.002568144,10.870071
1.0,0.16768457,1.081836,2.0310316,15.443074,0.012775954,0.0027314713,10.294129
1.0,0.16828859,1.0857328,1.9302279,14.623929,0.013491586,0.0028948619,9.783213
1.0,0.16889262,1.0896298,1.8402113,13.892077,0.01420234,0.0030583048,9.326971
1.0,0.16949664,1.0935267,1.7593712,13.23447,0.014908039,0.0032217498,8.917238
1.0,0.17010067,1.0974237,1.6863952,12.640478,0.015608587,0.0033851648,8.547365
1.0,0.17070471,1.1013207,1.6202093,12.101405,0.016303891,0.0035485176,8.211907
1.0,0.17130873,1.1052176,1.5599352,11.610135,0.016993774,0.0037117568,7.9064126
1.0,0.17191276,1.1091145,1.5048329,11.160672,0.017678147,0.0038748512,7.6271305
1.0,0.17251678,1.1130115,1.454284,10.74801,0.018356888,0.0040377607,7.3709273
1.0,0.17312081,1.1169084,1.4077653,10.3679085,0.019029874,0.0042004455,7.1351514
1.0,0.17372483,1.1208054,1.3648298,10.016748,0.019697012,0.0043628714,6.917535
1.0,0.17432886,1.1247023,1.3250961,9.691439,0.020358173,0.004524997,6.716149
1.0,0.17493288,1.1285993,1.288234,9.389306,0.021013267,0.004686787,6.529316
1.0,0.17553692,1.1324962,1.2539566,9.108026,0.021662215,0.0048482106,6.3555837
1.0,0.17614095,1.1363932,1.2220141,8.845574,0.02230494,0.0050092367,6.193685
1.0,0.17674497,1.1402901,1.1921881,8.600187,0.02294136,0.0051698317,6.042515
1.0,0.177349,1.1441871,1.1642857,8.370299,0.023571441,0.0053299735,5.901093
1.0,0.17795302,1.148084,1.1381373,8.15454,0.02419511,0.0054896306,5.768562
1.0,0.17855705,1.151981,1.1135916,7.9516845,0.024812354,0.005648786,5.644154
1.0,0.17916107,1.1558778,1.090515,7.7606516,0.025423123,0.005807413,5.527192
1.0,0.1797651,1.1597749,1.0687867,7.5804653,0.026027426,0.005965499,5.417064
1.0,0.18036912,1.1636717,1.0483005,7.4102654,0.026625227,0.0061230203,5.3132315
1.0,0.18097316,1.1675688,1.0289575,7.249256,0.027216585,0.0062799756,5.2151923
1.0,0.18157719,1.1714658,1.0106732,7.096751,0.027801454,0.0064363405,5.1225195
1.0,0.18218121,1.1753626,0.9933677,6.9521093,0.028379876,0.006592107,5.034808
1.0,0.18278524,1.1792597,0.9769701,6.814756,0.028951881,0.00674727,4.9516983
1.0,0.18338926,1.1831565,0.9614163,6.6841745,0.029517483,0.0069018165,4.872865
1.0,0.1839933,1.1870536,0.94664586,6.5598774,0.030076781,0.0070557557,4.7980022
1.0,0.18459731,1.1909504,0.9326069,6.4414463,0.030629767,0.00720907,4.7268467
1.0,0.18520135,1.1948473,0.919249,6.328477,0.03117654,0.007361769,4.659143
1.0,0.18580537,1.1987443,0.90652835,6.220615,0.03171712,0.0075138444,4.59467
1.0,0.1864094,1.2026412,0.89440346,6.117526,0.0322516,0.0076653017,4.5332155
1.0,0.18701343,1.2065383,0.8828358,6.0189023,0.032780062,0.007816148,4.474586
1.0,0.18761745,1.2104352,0.8717921,5.9244747,0.03330253,0.007966373,4.4186115
1.0,0.18822148,1.2143321,0.8612387,5.833975,0.03381914,0.008115998,4.365123
1.0,0.1888255,1.218229,0.85114765,5.747175,0.03432991,0.008265012,4.313977
1.0,0.18942954,1.222126,0.84149015,5.663847,0.03483498,0.008413437,4.2650285
1.0,0.19003356,1.226023,0.8322418,5.5837936,0.0353344,0.00856127,4.2181535
1.0,0.19063759,1.2299199,0.82337886,5.506826,0.035828263,0.008708522,4.173233
1.0,0.19124162,1.2338169,0.81487954,5.432768,0.036316663,0.008855203,4.1301546
1.0,0.19184564,1.2377138,0.8067239,5.361461,0.03679967,0.0090013165,4.0888186
1.0,0.19244967,1.2416108,0.79889286,5.2927523,0.037277393,0.009146878,4.0491276
1.0,0.1930537,1.2455077,0.79136914,5.2265024,0.03774991,0.009291893,4.010994
1.0,0.19365773,1.2494047,0.7841364,5.162582,0.03821731,0.009436374,3.9743357
1.0,0.19426174,1.2533016,0.7771793,5.1008687,0.03867969,0.00958033,3.9390738
1.0,0.19486578,1.2571986,0.7704841,5.04125,0.039137118,0.009723769,3.9051397
1.0,0.1954698,1.2610954,0.7640369,4.9836187,0.039589703,0.009866703,3.8724625
1.0,0.19607383,1.2649925,0.7578257,4.9278774,0.040037524,0.010009146,3.8409817
1.0,0.19667786,1.2688894,0.75183845,4.873929,0.04048069,0.01015111,3.8106356
1.0,0.19728188,1.2727864,0.7460647,4.821692,0.040919248,0.010292598,3.7813718
1.0,0.19788592,1.2766833,0.7404941,4.771082,0.041353304,0.010433626,3.7531378
1.0,0.19848993,1.2805802,0.73511684,4.7220225,0.041782945,0.010574204,3.7258835
1.0,0.19909397,1.2844772,0.72992426,4.6744432,0.042208236,0.010714342,3.6995656
1.0,0.19969799,1.2883741,0.7249076,4.628275,0.042629275,0.01085405,3.6741388
1.0,0.20030202,1.2922711,0.7200586,4.583452,0.043046158,0.010993346,3.6495621
1.0,0.20090604,1.296168,0.7153703,4.539919,0.043458927,0.01113223,3.6257997
1.0,0.20151007,1.3000649,0.71083516,4.4976153,0.043867692,0.011270721,3.6028135
1.0,0.20211409,1.3039619,0.70644677,4.456491,0.0442725,0.011408823,3.5805714
1.0,0.20271812,1.3078588,0.7021987,4.4164934,0.04467345,0.01154655,3.5590403
1.0,0.20332214,1.3117558,0.69808483,4.377576,0.045070603,0.011683911,3.53819
1.0,0.20392618,1.3156527,0.69409955,4.3396926,0.04546405,0.01182092,3.5179906
1.0,0.20453021,1.3195497,0.6902375,4.302801,0.04585385,0.011957584,3.4984164
1.0,0.20513423,1.3234466,0.6864939,4.2668633,0.046240058,0.012093909,3.479442
1.0,0.20573826,1.3273436,0.6828634,4.2318373,0.046622775,0.012229913,3.4610412
1.0,0.20634228,1.3312405,0.6793421,4.197691,0.04700203,0.0123655945,3.4431937
1.0,0.20694631,1.3351375,0.6759252,4.164387,0.04737792,0.012500975,3.425875
1.0,0.20755033,1.3390344,0.6726087,4.1318946,0.04775049,0.012636053,3.409066
1.0,0.20815437,1.3429314,0.6693887,4.100181,0.048119824,0.012770848,3.3927457
1.0,0.20875838,1.3468282,0.6662617,4.069219,0.04848596,0.01290536,3.3768964
1.0,0.20936242,1.3507253,0.66322386,4.038979,0.04884898,0.013039603,3.3614995
1.0,0.20996645,1.3546222,0.6602721,4.0094357,0.049208924,0.013173584,3.3465388
1.0,0.21057047,1.3585192,0.6574031,3.9805627,0.049565855,0.01330731,3.3319976
1.0,0.2111745,1.3624161,0.6546138,3.952336,0.049919844,0.013440792,3.3178604
1.0,0.21177852,1.366313,0.65190136,3.9247334,0.05027093,0.013574037,3.3041122
1.0,0.21238256,1.37021,0.64926285,3.897731,0.050619192,0.013707058,3.290739
1.0,0.21298657,1.3741069,0.646696,3.8713114,0.050964642,0.01383985,3.2777293
1.0,0.2135906,1.378004,0.6441979,3.8454516,0.05130737,0.013972434,3.265068
1.0,0.21419464,1.3819009,0.64176625,3.8201327,0.05164742,0.014104815,3.2527432
1.0,0.21479866,1.3857977,0.63939893,3.7953384,0.051984824,0.014236995,3.2407446
1.0,0.2154027,1.3896948,0.6370934,3.771049,0.05231966,0.0143689895,3.2290595
1.0,0.21600671,1.3935916,0.63484794,3.7472496,0.05265195,0.014500797,3.217678
1.0,0.21661074,1.3974887,0.63266027,3.7239234,0.052981753,0.014632432,3.2065907
1.0,0.21721476,1.4013855,0.63052857,3.7010558,0.053309117,0.014763897,3.195786
1.0,0.2178188,1.4052825,0.6284509,3.6786304,0.053634092,0.014895204,3.1852555
1.0,0.21842282,1.4091794,0.6264257,3.656636,0.0539567,0.015026351,3.174991
1.0,0.21902685,1.4130764,0.6244508,3.635056,0.054277018,0.015157358,3.1649816
1.0,0.21963088,1.4169735,0.62252504,3.613879,0.05459508,0.015288225,3.1552205
1.0,0.2202349,1.4208703,0.62064683,3.593094,0.054910894,0.015418951,3.145701
1.0,0.22083893,1.4247673,0.61881435,3.5726867,0.05522455,0.015549556,3.136413
1.0,0.22144295,1.4286642,0.6170264,3.5526469,0.055536058,0.015680037,3.1273513
1.0,0.22204699,1.4325612,0.6152815,3.5329633,0.05584547,0.015810406,3.1185074
1.0,0.222651,1.4364581,0.6135783,3.5136259,0.05615282,0.015940664,3.109875
1.0,0.22325504,1.4403551,0.6119157,3.4946244,0.056458145,0.01607082,3.1014478
1.0,0.22385906,1.444252,0.6102922,3.4759486,0.056761485,0.01620088,3.0932195
1.0,0.22446309,1.448149,0.6087067,3.4575884,0.057062894,0.016330855,3.0851834
1.0,0.22506712,1.4520459,0.60715824,3.439537,0.05736237,0.01646074,3.0773351
1.0,0.22567114,1.4559429,0.6056456,3.4217849,0.057659965,0.016590543,3.0696685
1.0,0.22627518,1.4598398,0.60416746,3.404322,0.057955742,0.01672028,3.062177
1.0,0.2268792,1.4637368,0.6027231,3.3871412,0.058249712,0.016849952,3.0548558
1.0,0.22748323,1.4676337,0.6013115,3.3702362,0.05854189,0.016979555,3.0477018
1.0,0.22808725,1.4715306,0.5999317,3.353598,0.058832336,0.017109104,3.0407083
1.0,0.22869128,1.4754276,0.5985827,3.337219,0.059121083,0.017238608,3.0338705
1.0,0.2292953,1.4793245,0.59726363,3.3210933,0.059408147,0.017368061,3.027185
1.0,0.22989933,1.4832215,0.59597373,3.305214,0.059693567,0.017497476,3.020647
1.0,0.23050337,1.4871185,0.594712,3.2895737,0.05997738,0.01762686,3.0142524
1.0,0.23110738,1.4910153,0.59347796,3.2741678,0.060259588,0.017756205,3.0079975
1.0,0.23171142,1.4949124,0.5922704,3.258988,0.06054027,0.017885536,3.001877
1.0,0.23231544,1.4988092,0.59108883,3.2440298,0.060819417,0.018014845,2.9958885
1.0,0.23291947,1.5027063,0.5899327,3.2292883,0.061097056,0.018144134,2.9900284
1.0,0.23352349,1.5066031,0.58880097,3.2147567,0.06137323,0.018273415,2.9842925
1.0,0.23412752,1.5105001,0.58769315,3.2004302,0.061647963,0.018402692,2.978678
1.0,0.23473155,1.5143971,0.58660847,3.1863027,0.0619213,0.018531974,2.9731803
1.0,0.23533557,1.518294,0.5855465,3.172371,0.06219323,0.018661255,2.9677978
1.0,0.2359396,1.522191,0.58450645,3.158629,0.062463813,0.01879055,2.962526
1.0,0.23654363,1.5260879,0.5834879,3.1450737,0.06273303,0.01891985,2.957364
1.0,0.23714766,1.5299848,0.5824901,3.131698,0.06300097,0.019049179,2.9523063
1.0,0.23775168,1.5338818,0.5815126,3.1184995,0.0632676,0.019178523,2.9473522
1.0,0.23835571,1.5377787,0.5805548,3.1054733,0.063532986,0.019307898,2.9424977
1.0,0.23895973,1.5416757,0.57961625,3.092616,0.063797124,0.019437302,2.9377406
1.0,0.23956376,1.5455726,0.57869637,3.0799224,0.064060055,0.019566746,2.9330783
1.0,0.2401678,1.5494696,0.5777947,3.0673895,0.0643218,0.019696232,2.928508
1.0,0.24077182,1.5533665,0.57691085,3.0550144,0.06458235,0.019825751,2.9240289
1.0,0.24137585,1.5572635,0.5760442,3.0427914,0.06484178,0.01995533,2.919636
1.0,0.24197987,1.5611604,0.57519454,3.0307193,0.06510006,0.020084953,2.9153297
1.0,0.2425839,1.5650574,0.5743611,3.0187922,0.06535727,0.020214641,2.9111054
1.0,0.24318792,1.5689543,0.57354385,3.0070093,0.06561337,0.02034438,2.9069629
1.0,0.24379195,1.5728513,0.5727421,2.995366,0.06586841,0.02047419,2.9028997
1.0,0.24439597,1.5767481,0.5719555,2.9838598,0.06612241,0.020604065,2.898913
1.0,0.245,1.5806452,0.5711837,2.9724865,0.066375405,0.020734018,2.895001
2.0,0.155,1.0,4.6837506,38.527626,0.0051210006,0.0010120377,23.739233
2.0,0.15560403,1.003897,4.075847,33.39698,0.0059077195,0.0011720628,20.658121
2.0,0.15620805,1.0077939,3.6179914,29.530737,0.0066811745,0.0013306579,18.337513
2.0,0.15681209,1.0116909,3.2606304,26.511372,0.0074420893,0.0014879372,16.526257
2.0,0.1574161,1.0155878,2.973895,24.08722,0.008191066,0.0016439923,15.07296
2.0,0.15802014,1.0194848,2.7386532,22.097075,0.008928783,0.0017989327,13.880655
2.0,0.15862416,1.0233817,2.5421052,20.433104,0.009655899,0.001952865,12.884466
2.0,0.15922819,1.0272787,2.375381,19.020569,0.010372981,0.0021058805,12.039437
2.0,0.15983221,1.0311755,2.232122,17.805895,0.0110806,0.002258072,11.31334
2.0,0.16043624,1.0350726,2.1076498,16.749666,0.011779339,0.0024095369,10.682463
2.0,0.16104028,1.0389695,1.9984752,15.822475,0.012469605,0.0025603385,10.129118
2.0,0.1616443,1.0428665,1.9019113,15.001685,0.013151856,0.0027105513,9.639692
2.0,0.16224833,1.0467634,1.8158778,14.269756,0.013826445,0.0028602297,9.203638
2.0,0.16285235,1.0506603,1.7387303,13.612828,0.0144936815,0.0030094206,8.812621
2.0,0.16345638,1.0545573,1.6691437,13.0197315,0.015153922,0.0031581817,8.459928
2.0,0.1640604,1.0584542,1.6060641,12.481571,0.015807305,0.0033065246,8.140213
2.0,0.16466443,1.0623512,1.5486093,11.990912,0.016454127,0.003454497,7.849008
2.0,0.16526845,1.066248,1.49607,11.541762,0.017094443,0.0036020945,7.5827165
2.0,0.16587248,1.070145,1.4478393,11.129002,0.017728455,0.0037493452,7.338263
2.0,0.16647652,1.0740421,1.4034137,10.748377,0.018356262,0.0038962553,7.1130943
2.0,0.16708054,1.0779389,1.3623691,10.396307,0.018977894,0.004042817,6.9050636
2.0,0.16768457,1.081836,1.324336,10.069671,0.01959349,0.0041890456,6.712296
2.0,0.16828859,1.0857328,1.2890079,9.765873,0.020203007,0.0043349178,6.5332375
2.0,0.16889262,1.0896298,1.25611,9.4825945,0.020806542,0.004480441,6.366498
2.0,0.16949664,1.0935267,1.2254096,9.217865,0.021404088,0.0046255994,6.210895
2.0,0.17010067,1.0974237,1.196702,8.969954,0.021995656,0.004770382,6.065393
2.0,0.17070471,1.1013207,1.1698052,8.737319,0.022581298,0.0049147857,5.929068
2.0,0.17130873,1.1052176,1.1445644,8.518653,0.023160938,0.00505878,5.8011374
2.0,0.17191276,1.1091145,1.1208359,8.312738,0.023734657,0.00520237,5.6808715
2.0,0.17251678,1.1130115,1.0984964,8.118532,0.024302423,0.005345534,5.5676455
2.0,0.17312081,1.1169084,1.0774342,7.9350863,0.024864255,0.0054882625,5.460893
2.0,0.17372483,1.1208054,1.0575492,7.761557,0.025420157,0.005630543,5.3601074
2.0,0.17432886,1.1247023,1.0387521,7.5971866,0.02597014,0.0057723653,5.2648354
2.0,0.17493288,1.1285993,1.0209618,7.4412894,0.026514223,0.0059137167,5.1746664
2.0,0.17553692,1.1324962,1.0041053,7.293248,0.02705242,0.0060545905,5.089231
2.0,0.17614095,1.1363932,0.988117,7.152505,0.02758474,0.006194973,5.0081954
2.0,0.17674497,1.1402901,0.97293574,7.018548,0.028111227,0.0063348603,4.9312506
2.0,0.177349,1.1441871,0.958507,6.8909125,0.028631913,0.0064742477,4.8581195
2.0,0.17795302,1.148084,0.9447805,6.769175,0.029146831,0.0066131274,4.7885475
2.0,0.17855705,1.151981,0.9317105,6.652949,0.029656023,0.0067514973,4.722304
2.0,0.17916107,1.1558778,0.91925514,6.54188,0.030159526,0.006889351,4.6591744
2.0,0.1797651,1.1597749,0.9073754,6.435641,0.0306574,0.0070266915,4.5989633
2.0,0.18036912,1.1636717,0.8960361,6.3339334,0.03114968,0.0071635116,4.5414906
2.0,0.18097316,1.1675688,0.88520384,6.236477,0.031636454,0.0072998195,4.486588
2.0,0.18157719,1.1714658,0.8748489,6.1430197,0.032117754,0.0074356105,4.434105
2.0,0.18218121,1.1753626,0.8649432,6.053328,0.03259364,0.0075708847,4.3838987
2.0,0.18278524,1.1792597,0.85546064,5.9671793,0.033064198,0.0077056503,4.335837
2.0,0.18338926,1.1831565,0.8463775,5.8843756,0.03352947,0.007839905,4.2897997
2.0,0.1839933,1.1870536,0.83767086,5.804724,0.033989556,0.00797366,4.245671
2.0,0.18459731,1.1909504,0.82932067,5.728057,0.034444492,0.00810691,4.2033486
2.0,0.18520135,1.1948473,0.8213069,5.654204,0.03489439,0.008239672,4.162731
2.0,0.18580537,1.1987443,0.813612,5.5830207,0.035339292,0.008371944,4.12373
2.0,0.1864094,1.2026412,0.80621886,5.514363,0.035779294,0.008503736,4.086259
2.0,0.18701343,1.2065383,0.7991118,5.4480977,0.036214475,0.008635056,4.050237
2.0,0.18761745,1.2104352,0.7922768,5.3841095,0.036644872,0.008765902,4.0155945
2.0,0.18822148,1.2143321,0.7856992,5.3222747,0.037070613,0.008896294,3.9822567
2.0,0.1888255,1.218229,0.77936673,5.262491,0.03749175,0.009026233,3.9501607
2.0,0.18942954,1.222126,0.77326685,5.204654,0.03790838,0.009155732,3.919244
2.0,0.19003356,1.226023,0.7673888,5.148673,0.038320553,0.009284793,3.8894515
2.0,0.19063759,1.2299199,0.76172143,5.094456,0.038728375,0.009413431,3.8607268
2.0,0.19124162,1.2338169,0.7562553,5.041923,0.039131895,0.00954165,3.8330226
2.0,0.19184564,1.2377138,0.7509807,4.9909935,0.039531205,0.0096694585,3.8062887
2.0,0.19244967,1.2416108,0.7458887,4.9415936,0.03992639,0.009796872,3.78048
2.0,0.1930537,1.2455077,0.7409712,4.893656,0.04031751,0.009923891,3.755556
2.0,0.19365773,1.2494047,0.73622006,4.8471117,0.040704656,0.010050533,3.7314754
2.0,0.19426174,1.2533016,0.73162824,4.801903,0.04108788,0.010176799,3.708202
2.0,0.19486578,1.2571986,0.7271885,4.757969,0.041467275,0.010302705,3.6856992
2.0,0.1954698,1.2610954,0.72289425,4.715256,0.0418429,0.0104282545,3.6639345
2.0,0.19607383,1.2649925,0.7187394,4.6737123,0.042214837,0.010553461,3.6428757
2.0,0.19667786,1.2688894,0.71471786,4.6332884,0.042583145,0.010678331,3.622493
2.0,0.19728188,1.2727864,0.7108242,4.5939384,0.0429479,0.010802873,3.602758
2.0,0.19788592,1.2766833,0.7070528,4.5556164,0.04330918,0.010927102,3.5836434
2.0,0.19848993,1.2805802,0.70339906,4.518284,0.043667026,0.011051018,3.5651245
2.0,0.19909397,1.2844772,0.69985807,4.481899,0.04402152,0.011174634,3.5471773
2.0,0.19969799,1.2883741,0.69642514,4.4464245,0.04437273,0.01129796,3.5297775
2.0,0.20030202,1.2922711,0.6930961,4.411825,0.044720724,0.011421005,3.5129044
2.0,0.20090604,1.296168,0.689867,4.378069,0.045065533,0.011543771,3.4965384
2.0,0.20151007,1.3000649,0.68673384,4.3451214,0.04540725,0.011666273,3.480658
2.0,0.20211409,1.3039619,0.68369293,4.3129525,0.045745924,0.011788517,3.4652455
2.0,0.20271812,1.3078588,0.6807408,4.2815337,0.046081617,0.011910513,3.4502828
2.0,0.20332214,1.3117558,0.6778739,4.250837,0.04641439,0.012032268,3.4357524
2.0,0.20392618,1.3156527,0.67508936,4.2208357,0.046744294,0.012153791,3.421639
2.0,0.20453021,1.3195497,0.672384,4.1915064,0.047071386,0.012275088,3.407927
2.0,0.20513423,1.3234466,0.669755,4.1628237,0.047395717,0.012396167,3.3946018
2.0,0.20573826,1.3273436,0.6671994,4.134764,0.047717355,0.012517039,3.381649
2.0,0.20634228,1.3312405,0.6647148,4.107308,0.04803633,0.012637705,3.369056
2.0,0.20694631,1.3351375,0.66229844,4.0804324,0.04835272,0.0127581805,3.356809
2.0,0.20755033,1.3390344,0.65994817,4.05412,0.04866654,0.012878465,3.3448973
2.0,0.20815437,1.3429314,0.6576616,4.02835,0.048977874,0.012998572,3.3333077
2.0,0.20875838,1.3468282,0.65543646,4.0031037,0.049286753,0.013118504,3.3220298
2.0,0.20936242,1.3507253,0.65327066,3.978365,0.049593236,0.013238274,3.3110526
2.0,0.20996645,1.3546222,0.6511622,3.9541166,0.049897365,0.013357885,3.3003662
2.0,0.21057047,1.3585192,0.6491092,3.930343,0.050199185,0.013477343,3.2899601
2.0,0.2111745,1.3624161,0.6471097,3.9070284,0.05049874,0.013596659,3.2798257
2.0,0.21177852,1.366313,0.6451619,3.884159,0.050796065,0.013715832,3.269954
2.0,0.21238256,1.37021,0.64326423,3.8617198,0.051091228,0.013834879,3.260336
2.0,0.21298657,1.3741069,0.6414151,3.8396988,0.05138424,0.013953795,3.2509634
2.0,0.2135906,1.378004,0.63961273,3.818081,0.051675174,0.014072598,3.2418282
2.0,0.21419464,1.3819009,0.63785565,3.7968547,0.051964063,0.01419129,3.2329228
2.0,0.21479866,1.3857977,0.63614255,3.776009,0.052250933,0.014309874,3.2242398
2.0,0.2154027,1.3896948,0.63447183,3.7555318,0.052535836,0.014428359,3.2157726
2.0,0.21600671,1.3935916,0.63284254,3.7354126,0.052818798,0.014546748,3.207514
2.0,0.21661074,1.3974887,0.63125294,3.71564,0.05309987,0.014665052,3.1994576
2.0,0.21721476,1.4013855,0.62970203,3.6962042,0.053379085,0.014783273,3.1915967
2.0,0.2178188,1.4052825,0.6281885,3.6770947,0.053656492,0.014901425,3.1839254
2.0,0.21842282,1.4091794,0.6267113,3.6583035,0.053932104,0.0150195025,3.1764383
2.0,0.21902685,1.4130764,0.62526935,3.6398206,0.05420597,0.015137517,3.1691303
2.0,0.21963088,1.4169735,0.62386143,3.6216369,0.05447813,0.015255477,3.1619937
2.0,0.2202349,1.4208703,0.62248665,3.6037455,0.054748595,0.015373377,3.1550262
2.0,0.22083893,1.4247673,0.62114394,3.5861366,0.055017427,0.015491236,3.148221
2.0,0.22144295,1.4286642,0.61983246,3.5688033,0.055284638,0.015609051,3.1415737
2.0,0.22204699,1.4325612,0.61855114,3.5517375,0.055550277,0.015726833,3.1350787
2.0,0.222651,1.4364581,0.61729914,3.534933,0.055814352,0.01584458,3.1287336
2.0,0.22325504,1.4403551,0.6160756,3.5183809,0.05607693,0.015962308,3.122532
2.0,0.22385906,1.444252,0.6148797,3.5020773,0.056337994,0.016080007,3.116471
2.0,0.22446309,1.448149,0.61371064,3.4860117,0.056597628,0.0161977,3.1105454
2.0,0.22506712,1.4520459,0.61256766,3.4701815,0.056855816,0.016315378,3.1047525
2.0,0.22567114,1.4559429,0.6114501,3.4545794,0.057112597,0.016433047,3.0990882
2.0,0.22627518,1.4598398,0.61035687,3.4391973,0.05736804,0.016550727,3.093547
2.0,0.2268792,1.4637368,0.6092876,3.4240322,0.05762212,0.016668405,3.0881279
2.0,0.22748323,1.4676337,0.6082415,3.4090774,0.057874896,0.016786098,3.082826
2.0,0.22808725,1.4715306,0.6072181,3.3943286,0.05812637,0.016903803,3.0776386
2.0,0.22869128,1.4754276,0.60621655,3.3797793,0.05837659,0.017021528,3.0725622
2.0,0.2292953,1.4793245,0.6052361,3.3654246,0.05862559,0.017139278,3.0675929
2.0,0.22989933,1.4832215,0.6042766,3.3512611,0.05887336,0.017257057,3.0627298
2.0,0.23050337,1.4871185,0.60333717,3.3372827,0.059119955,0.01737487,3.0579684
2.0,0.23110738,1.4910153,0.6024173,3.3234856,0.059365384,0.017492717,3.053306
2.0,0.23171142,1.4949124,0.6015163,3.309864,0.0596097,0.017610615,3.0487394
2.0,0.23231544,1.4988092,0.60063404,3.2964163,0.05985288,0.017728552,3.0442677
2.0,0.23291947,1.5027063,0.59976953,3.2831354,0.060094994,0.017846549,3.0398862
2.0,0.23352349,1.5066031,0.5989227,3.27002,0.060336024,0.017964594,3.0355942
2.0,0.23412752,1.5105001,0.59809285,3.2570643,0.06057602,0.018082704,3.0313883
2.0,0.23473155,1.5143971,0.59727955,3.244265,0.060815006,0.01820088,3.0272658
2.0,0.23533557,1.518294,0.5964824,3.2316196,0.061052978,0.01831912,3.0232255
2.0,0.2359396,1.522191,0.59570086,3.2191226,0.061289992,0.01843744,3.0192642
2.0,0.23654363,1.5260879,0.5949346,3.2067723,0.06152604,0.01855583,3.0153804
2.0,0.23714766,1.5299848,0.5941832,3.1945648,0.061761152,0.018674303,3.0115721
2.0,0.23775168,1.5338818,0.59344625,3.182497,0.061995346,0.018792858,3.007837
2.0,0.23835571,1.5377787,0.5927233,3.1705647,0.062228665,0.01891151,3.0041728
2.0,0.23895973,1.5416757,0.592014,3.158766,0.062461104,0.019030252,3.0005777
2.0,0.23956376,1.5455726,0.59131813,3.1470978,0.06269268,0.01914909,2.9970508
2.0,0.2401678,1.5494696,0.5906351,3.135557,0.06292343,0.019268032,2.9935892
2.0,0.24077182,1.5533665,0.5899649,3.1241417,0.06315335,0.019387072,2.9901922
2.0,0.24137585,1.5572635,0.5893067,3.112847,0.06338249,0.019506227,2.9868562
2.0,0.24197987,1.5611604,0.5886607,3.101673,0.06361084,0.01962549,2.9835818
2.0,0.2425839,1.5650574,0.5880262,3.0906148,0.06383843,0.019744873,2.980366
2.0,0.24318792,1.5689543,0.5874031,3.0796719,0.06406527,0.019864371,2.977208
2.0,0.24379195,1.5728513,0.5867909,3.0688398,0.064291395,0.019984,2.9741054
2.0,0.24439597,1.5767481,0.5861897,3.0581186,0.06451679,0.020103745,2.9710581
2.0,0.245,1.5806452,0.58559877,3.0475037,0.064741515,0.02022363,2.9680626
3.0,0.155,1.0,1.5422515,12.686261,0.015552257,0.003073515,7.8167834
3.0,0.15560403,1.003897,1.4902694,12.211081,0.016157456,0.0032055608,7.553317
3.0,0.15620805,1.0077939,1.4429889,11.777951,0.01675164,0.0033363446,7.3136797
3.0,0.15681209,1.0116909,1.3997881,11.381329,0.017335411,0.0034659626,7.0947194
3.0,0.1574161,1.0155878,1.3601516,11.016619,0.017909307,0.003594497,6.893824
3.0,0.15802014,1.0194848,1.3236465,10.679964,0.018473845,0.0037220302,6.7088017
3.0,0.15862416,1.0233817,1.2899067,10.368099,0.019029524,0.0038486412,6.537794
3.0,0.15922819,1.0272787,1.2586234,10.07827,0.019576771,0.0039743967,6.379237
3.0,0.15983221,1.0311755,1.229531,9.808111,0.020116003,0.004099361,6.231785
3.0,0.16043624,1.0350726,1.2024009,9.555578,0.020647625,0.0042235996,6.0942774
3.0,0.16104028,1.0389695,1.1770378,9.318932,0.021171955,0.00434716,5.965727
3.0,0.1616443,1.0428665,1.153271,9.0966425,0.02168932,0.0044700922,5.845266
3.0,0.16224833,1.0467634,1.1309521,8.887388,0.0222,0.0045924387,5.732144
3.0,0.16285235,1.0506603,1.1099517,8.69001,0.022704232,0.004714233,5.6257057
3.0,0.16345638,1.0545573,1.0901543,8.503471,0.023202289,0.0048355167,5.525364
3.0,0.1640604,1.0584542,1.0714617,8.326894,0.023694308,0.0049563046,5.4306216
3.0,0.16466443,1.0623512,1.0537812,8.159449,0.024180556,0.0050766384,5.3410096
3.0,0.16526845,1.066248,1.0370369,8.000449,0.024661114,0.0051965225,5.2561417
3.0,0.16587248,1.070145,1.0211555,7.8492417,0.025136186,0.005315987,5.175649
3.0,0.16647652,1.0740421,1.0060736,7.7052546,0.025605904,0.0054350467,5.0992074
3.0,0.16708054,1.0779389,0.99173623,7.567989,0.026070336,0.005553703,5.026539
3.0,0.16768457,1.081836,0.9780891,7.4369607,0.026529655,0.005671982,4.9573703
3.0,0.16828859,1.0857328,0.9650878,7.3117666,0.026983902,0.0057898806,4.891474
3.0,0.16889262,1.0896298,0.9526888,7.192015,0.027433202,0.0059074135,4.828631
3.0,0.16949664,1.0935267,0.9408539,7.07736,0.027877627,0.006024584,4.7686462
3.0,0.17010067,1.0974237,0.929548,6.9674845,0.02831725,0.006141399,4.711344
3.0,0.17070471,1.1013207,0.91873837,6.8620915,0.028752167,0.0062578656,4.6565547
3.0,0.17130873,1.1052176,0.9083963,6.760924,0.029182402,0.0063739805,4.6041374
3.0,0.17191276,1.1091145,0.8984941,6.6637287,0.029608048,0.006489752,4.553949
3.0,0.17251678,1.1130115,0.8890068,6.570281,0.030029157,0.00660518,4.5058637
3.0,0.17312081,1.1169084,0.879911,6.4803677,0.030445803,0.0067202724,4.459762
3.0,0.17372483,1.1208054,0.8711856,6.3937993,0.030858023,0.006835026,4.415538
3.0,0.17432886,1.1247023,0.86281043,6.310391,0.031265892,0.0069494476,4.373089
3.0,0.17493288,1.1285993,0.85476726,6.229979,0.03166945,0.007063536,4.332322
3.0,0.17553692,1.1324962,0.84703857,6.152405,0.03206876,0.007177295,4.2931504
3.0,0.17614095,1.1363932,0.83960843,6.077523,0.032463882,0.0072907293,4.2554913
3.0,0.17674497,1.1402901,0.832462,6.005201,0.032854855,0.007403836,4.21927
3.0,0.177349,1.1441871,0.8255851,5.9353085,0.03324174,0.0075166216,4.1844153
3.0,0.17795302,1.148084,0.8189647,5.867728,0.033624597,0.007629088,4.1508603
3.0,0.17855705,1.151981,0.8125883,5.8023477,0.034003478,0.0077412394,4.118542
3.0,0.17916107,1.1558778,0.8064447,5.7390647,0.034378424,0.007853076,4.087404
3.0,0.1797651,1.1597749,0.8005226,5.677778,0.03474951,0.007964605,4.057388
3.0,0.18036912,1.1636717,0.79481244,5.6184,0.035116762,0.008075824,4.028446
3.0,0.18097316,1.1675688,0.78930366,5.560837,0.035480272,0.008186745,4.0005255
3.0,0.18157719,1.1714658,0.783988,5.5050125,0.035840064,0.008297366,3.9735835
3.0,0.18218121,1.1753626,0.77885675,5.4508495,0.036196195,0.00840769,3.9475758
3.0,0.18278524,1.1792597,0.7739015,5.398272,0.036548734,0.008517725,3.9224608
3.0,0.18338926,1.1831565,0.76911527,5.3472157,0.036897708,0.008627471,3.8982022
3.0,0.1839933,1.1870536,0.76449007,5.2976103,0.037243206,0.008736937,3.8747597
3.0,0.18459731,1.1909504,0.7600195,5.249398,0.037585262,0.0088461265,3.8521006
3.0,0.18520135,1.1948473,0.7556969,5.202519,0.037923936,0.008955044,3.8301923
3.0,0.18580537,1.1987443,0.75151634,5.1569195,0.038259275,0.009063693,3.809003
3.0,0.1864094,1.2026412,0.74747187,5.112546,0.03859134,0.00917208,3.7885041
3.0,0.18701343,1.2065383,0.7435581,5.06935,0.03892018,0.009280209,3.7686672
3.0,0.18761745,1.2104352,0.73976964,5.0272846,0.03924584,0.009388085,3.749466
3.0,0.18822148,1.2143321,0.73610145,4.986303,0.039568394,0.0094957175,3.730874
3.0,0.1888255,1.218229,0.73254883,4.946365,0.03988788,0.009603107,3.7128682
3.0,0.18942954,1.222126,0.7291075,4.907429,0.04020435,0.009710262,3.6954257
3.0,0.19003356,1.226023,0.7257729,4.869458,0.040517855,0.009817184,3.6785245
3.0,0.19063759,1.2299199,0.72254086,4.8324127,0.040828466,0.0099238865,3.662143
3.0,0.19124162,1.2338169,0.7194077,4.7962613,0.04113621,0.010030368,3.646263
3.0,0.19184564,1.2377138,0.7163695,4.760969,0.041441146,0.010136636,3.6308641
3.0,0.19244967,1.2416108,0.7134229,4.7265043,0.041743323,0.010242698,3.6159298
3.0,0.1930537,1.2455077,0.7105645,4.692838,0.042042788,0.010348557,3.601442
3.0,0.19365773,1.2494047,0.7077908,4.6599393,0.042339608,0.010454224,3.5873835
3.0,0.19426174,1.2533016,0.7050989,4.6277823,0.04263381,0.0105597,3.57374
3.0,0.19486578,1.2571986,0.7024858,4.5963397,0.04292546,0.010664996,3.5604956
3.0,0.1954698,1.2610954,0.69994867,4.565588,0.04321459,0.010770112,3.5476363
3.0,0.19607383,1.2649925,0.69748485,4.535502,0.04350125,0.0108750565,3.5351489
3.0,0.19667786,1.2688894,0.69509166,4.506058,0.043785498,0.010979839,3.5230193
3.0,0.19728188,1.2727864,0.69276667,4.477236,0.044067368,0.011084459,3.511235
3.0,0.19788592,1.2766833,0.6905075,4.4490128,0.044346917,0.011188928,3.4997842
3.0,0.19848993,1.2805802,0.6883117,4.42137,0.04462418,0.011293249,3.4886553
3.0,0.19909397,1.2844772,0.68617743,4.394288,0.044899195,0.011397428,3.4778383
3.0,0.19969799,1.2883741,0.6841022,4.367747,0.045172032,0.011501473,3.4673197
3.0,0.20030202,1.2922711,0.6820842,4.3417306,0.04544271,0.01160539,3.4570918
3.0,0.20090604,1.296168,0.68012154,4.316221,0.04571128,0.011709182,3.447144
3.0,0.20151007,1.3000649,0.6782121,4.291202,0.045977794,0.01181286,3.4374664
3.0,0.20211409,1.3039619,0.6763544,4.266659,0.046242274,0.011916424,3.4280505
3.0,0.20271812,1.3078588,0.6745465,4.242574,0.046504784,0.012019888,3.4188871
3.0,0.20332214,1.3117558,0.67278695,4.2189374,0.04676533,0.012123245,3.4099693
3.0,0.20392618,1.3156527,0.6710739,4.19573,0.047023997,0.0122265145,3.4012868
3.0,0.20453021,1.3195497,0.66940606,4.172942,0.047280792,0.012329697,3.3928335
3.0,0.20513423,1.3234466,0.66778183,4.1505594,0.047535762,0.012432795,3.384601
3.0,0.20573826,1.3273436,0.6661998,4.1285696,0.04778895,0.012535821,3.3765826
3.0,0.20634228,1.3312405,0.6646587,4.1069617,0.04804038,0.01263877,3.368772
3.0,0.20694631,1.3351375,0.6631571,4.085723,0.04829011,0.012741662,3.361161
3.0,0.20755033,1.3390344,0.6616939,4.0648437,0.048538152,0.01284449,3.3537447
3.0,0.20815437,1.3429314,0.66026765,4.044312,0.048784565,0.012947268,3.3465161
3.0,0.20875838,1.3468282,0.65887725,4.0241184,0.049029373,0.013049998,3.339469
3.0,0.20936242,1.3507253,0.6575216,4.004253,0.04927261,0.013152687,3.3325982
3.0,0.20996645,1.3546222,0.6561997,3.9847064,0.049514312,0.013255339,3.3258986
3.0,0.21057047,1.3585192,0.6549103,3.965469,0.04975452,0.013357961,3.319363
3.0,0.2111745,1.3624161,0.6536524,3.9465313,0.04999327,0.013460563,3.3129873
3.0,0.21177852,1.366313,0.65242535,3.9278877,0.05023056,0.013563136,3.306768
3.0,0.21238256,1.37021,0.6512277,3.9095268,0.050466467,0.013665701,3.300698
3.0,0.21298657,1.3741069,0.6500588,3.8914428,0.050700992,0.013768253,3.2947738
3.0,0.2135906,1.378004,0.648918,3.8736274,0.050934173,0.013870803,3.2889912
3.0,0.21419464,1.3819009,0.64780384,3.8560717,0.05116606,0.013973357,3.2833445
3.0,0.21479866,1.3857977,0.64671594,3.8387706,0.051396664,0.014075915,3.2778301
3.0,0.2154027,1.3896948,0.6456534,3.821717,0.05162601,0.014178487,3.2724454
3.0,0.21600671,1.3935916,0.6446155,3.8049035,0.05185414,0.014281074,3.267184
3.0,0.21661074,1.3974887,0.6436013,3.7883239,0.052081082,0.014383685,3.262044
3.0,0.21721476,1.4013855,0.6426103,3.7719724,0.052306853,0.014486321,3.2570212
3.0,0.2178188,1.4052825,0.64164174,3.755843,0.052531485,0.014588989,3.252112
3.0,0.21842282,1.4091794,0.6406948,3.7399292,0.05275501,0.014691694,3.2473128
3.0,0.21902685,1.4130764,0.63976896,3.7242258,0.052977454,0.014794443,3.2426202
3.0,0.21963088,1.4169735,0.6388636,3.7087276,0.053198837,0.014897237,3.2380319
3.0,0.2202349,1.4208703,0.63797814,3.6934295,0.053419188,0.015000081,3.2335434
3.0,0.22083893,1.4247673,0.63711166,3.6783252,0.053638544,0.015102985,3.2291522
3.0,0.22144295,1.4286642,0.636264,3.6634114,0.05385691,0.015205947,3.2248554
3.0,0.22204699,1.4325612,0.63543445,3.648682,0.05407432,0.015308975,3.2206507
3.0,0.222651,1.4364581,0.6346224,3.6341336,0.054290794,0.015412073,3.216535
3.0,0.22325504,1.4403551,0.6338275,3.6197615,0.054506354,0.015515243,3.2125058
3.0,0.22385906,1.444252,0.633049,3.6055608,0.05472103,0.015618493,3.2085602
3.0,0.22446309,1.448149,0.6322865,3.591527,0.05493485,0.01572183,3.204696
3.0,0.22506712,1.4520459,0.63153964,3.577657,0.055147827,0.015825253,3.2009103
3.0,0.22567114,1.4559429,0.6308078,3.563947,0.05535997,0.015928762,3.1972015
3.0,0.22627518,1.4598398,0.63009065,3.550392,0.055571333,0.016032375,3.193566
3.0,0.2268792,1.4637368,0.62938786,3.53699,0.055781893,0.016136082,3.1900039
3.0,0.22748323,1.4676337,0.62869865,3.5237355,0.055991717,0.0162399,3.186511
3.0,0.22808725,1.4715306,0.6280228,3.5106266,0.056200795,0.016343823,3.183086
3.0,0.22869128,1.4754276,0.62736005,3.4976585,0.056409165,0.016447863,3.1797264
3.0,0.2292953,1.4793245,0.6267099,3.48483,0.056616824,0.016552014,3.1764314
3.0,0.22989933,1.4832215,0.6260719,3.4721353,0.05682382,0.016656293,3.1731975
3.0,0.23050337,1.4871185,0.62544584,3.4595742,0.05703014,0.01676069,3.1700249
3.0,0.23110738,1.4910153,0.6248314,3.4471421,0.05723582,0.016865216,3.1669102
3.0,0.23171142,1.4949124,0.62422794,3.4348354,0.05744089,0.01696988,3.1638515
3.0,0.23231544,1.4988092,0.6236354,3.4226532,0.05764534,0.017074674,3.1608484
3.0,0.23291947,1.5027063,0.6230534,3.410591,0.057849213,0.017179616,3.1578984
3.0,0.23352349,1.5066031,0.6224816,3.3986473,0.05805251,0.017284697,3.1550002
3.0,0.23412752,1.5105001,0.62191963,3.3868191,0.05825525,0.017389925,3.1521525
3.0,0.23473155,1.5143971,0.6213674,3.375104,0.05845746,0.017495308,3.149353
3.0,0.23533557,1.518294,0.6208246,3.3635006,0.058659125,0.017600838,3.1466022
3.0,0.2359396,1.522191,0.6202906,3.3520036,0.05886032,0.017706538,3.1438951
3.0,0.23654363,1.5260879,0.61976564,3.340615,0.059060983,0.017812386,3.1412349
3.0,0.23714766,1.5299848,0.619249,3.3293283,0.059261203,0.017918412,3.1386163
3.0,0.23775168,1.5338818,0.6187408,3.318145,0.059460934,0.018024594,3.1360407
3.0,0.23835571,1.5377787,0.61824054,3.30706,0.05966024,0.018130956,3.1335049
3.0,0.23895973,1.5416757,0.617748,3.296073,0.059859112,0.018237494,3.1310086
3.0,0.23956376,1.5455726,0.6172631,3.2851813,0.06005757,0.01834421,3.1285505
3.0,0.2401678,1.5494696,0.6167855,3.2743838,0.060255613,0.01845111,3.1261306
3.0,0.24077182,1.5533665,0.61631507,3.2636783,0.060453262,0.018558187,3.123746
3.0,0.24137585,1.5572635,0.61585134,3.2530615,0.06065056,0.018665465,3.1213956
3.0,0.24197987,1.5611604,0.6153946,3.2425346,0.06084746,0.018772922,3.1190805
3.0,0.2425839,1.5650574,0.61494416,3.232093,0.061044037,0.018880583,3.1167972
3.0,0.24318792,1.5689543,0.6144999,3.2217367,0.061240263,0.018988436,3.1145463
3.0,0.24379195,1.5728513,0.61406195,3.2114635,0.061436165,0.019096494,3.1123261
3.0,0.24439597,1.5767481,0.61362994,3.2012727,0.06163174,0.01920475,3.1101363
3.0,0.245,1.5806452,0.61320347,3.1911612,0.061827026,0.019313218,3.1079752
